{
  "component_config_id" : "babc1065-e92d-4119-842c-70d4428388a3",
  "endpoint_config_json" : null,
  "input_config_json" : null,
  "output_config_json" : null,
  "component_id" : "16b1a61f-f379-4811-be9d-0d91c39547d3",
  "service_id" : "7c601f21-5f30-4174-8d84-8bdd714a957f",
  "endpoint_id" : null,
  "parent_component_config_id" : null,
  "component_config_order" : 1.0,
  "action_id" : "09d57e63-9b50-4771-98e2-8fc07cb8bcd5",
  "name" : null,
  "description" : null,
  "override_endpoint" : false,
  "input_structure_json" : null,
  "output_structure_json" : null,
  "endpoint_structure_json" : null,
  "is_error" : false,
  "no_of_errors" : null,
  "action_input_type" : null,
  "config_service_id" : null,
  "config_imap_id" : null,
  "config_b2b_document_type_id" : null,
  "config_document_id" : null,
  "add_variables" : null,
  "drop_variables" : null,
  "plug_input_structure" : null,
  "plug_output_structure" : {
    "type" : "jsonb",
    "value" : "[{\"key\": \"/get-all-contactsAPIServerRequest\", \"type\": \"object\", \"order\": 1.0, \"title\": \"get-all-contactsAPIServerRequest\", \"value\": {\"type\": \"object\"}, \"children\": [{\"id\": \"babc1065-e92d-4119-842c-70d4428388a3\", \"key\": \"/get-all-contactsAPIServerRequest/pathParams\", \"order\": 0.0, \"title\": \"pathParams\", \"value\": {\"type\": \"object\"}, \"isLeaf\": false, \"children\": [], \"entityType\": \"componentConfig\", \"childrenSet\": false, \"hasChildren\": true, \"dataElementType\": \"document\", \"encryption_required\": false}, {\"id\": \"babc1065-e92d-4119-842c-70d4428388a3\", \"key\": \"/get-all-contactsAPIServerRequest/queryParams\", \"order\": 1.0, \"title\": \"queryParams\", \"value\": {\"type\": \"object\"}, \"isLeaf\": false, \"children\": [], \"entityType\": \"componentConfig\", \"childrenSet\": false, \"hasChildren\": true, \"dataElementType\": \"document\", \"encryption_required\": false}, {\"id\": \"babc1065-e92d-4119-842c-70d4428388a3\", \"key\": \"/get-all-contactsAPIServerRequest/headers\", \"order\": 2.0, \"title\": \"headers\", \"value\": {\"type\": \"object\"}, \"isLeaf\": false, \"children\": [], \"entityType\": \"componentConfig\", \"childrenSet\": false, \"hasChildren\": true, \"dataElementType\": \"document\", \"encryption_required\": false}], \"entityType\": \"componentConfig\", \"childrenSet\": false, \"hasChildren\": false, \"dataElementType\": \"document\", \"encryption_required\": false}, {\"key\": \"/get-all-contactsAPIServerResponse\", \"type\": \"object\", \"order\": 1.0, \"title\": \"get-all-contactsAPIServerResponse\", \"value\": {\"type\": \"object\"}, \"children\": [{\"key\": \"/get-all-contactsAPIServerResponse/200[]\", \"type\": \"array\", \"order\": 1.0, \"title\": \"200\", \"value\": {\"type\": \"array\"}, \"children\": [{\"id\": \"babc1065-e92d-4119-842c-70d4428388a3\", \"key\": \"/get-all-contactsAPIServerResponse/200[]/name\", \"type\": \"string\", \"order\": 1.0, \"title\": \"name\", \"value\": {\"type\": \"string\", \"requiredFlag\": false}, \"isLeaf\": true, \"entityType\": \"componentConfig\", \"childrenSet\": false, \"hasChildren\": false, \"dataElementType\": \"string\", \"encryption_required\": false}, {\"id\": \"babc1065-e92d-4119-842c-70d4428388a3\", \"key\": \"/get-all-contactsAPIServerResponse/200[]/title\", \"type\": \"string\", \"order\": 2.0, \"title\": \"title\", \"value\": {\"type\": \"string\", \"requiredFlag\": false}, \"isLeaf\": true, \"entityType\": \"componentConfig\", \"childrenSet\": false, \"hasChildren\": false, \"dataElementType\": \"string\", \"encryption_required\": false}, {\"id\": \"babc1065-e92d-4119-842c-70d4428388a3\", \"key\": \"/get-all-contactsAPIServerResponse/200[]/company\", \"type\": \"string\", \"order\": 3.0, \"title\": \"company\", \"value\": {\"type\": \"string\", \"requiredFlag\": false}, \"isLeaf\": true, \"entityType\": \"componentConfig\", \"childrenSet\": false, \"hasChildren\": false, \"dataElementType\": \"string\", \"encryption_required\": false}, {\"id\": \"babc1065-e92d-4119-842c-70d4428388a3\", \"key\": \"/get-all-contactsAPIServerResponse/200[]/industry\", \"type\": \"string\", \"order\": 4.0, \"title\": \"industry\", \"value\": {\"type\": \"string\", \"requiredFlag\": false}, \"isLeaf\": true, \"entityType\": \"componentConfig\", \"childrenSet\": false, \"hasChildren\": false, \"dataElementType\": \"string\", \"encryption_required\": false}, {\"id\": \"babc1065-e92d-4119-842c-70d4428388a3\", \"key\": \"/get-all-contactsAPIServerResponse/200[]/email\", \"type\": \"string\", \"order\": 5.0, \"title\": \"email\", \"value\": {\"type\": \"string\", \"requiredFlag\": false}, \"isLeaf\": true, \"entityType\": \"componentConfig\", \"childrenSet\": false, \"hasChildren\": false, \"dataElementType\": \"string\", \"encryption_required\": false}, {\"id\": \"babc1065-e92d-4119-842c-70d4428388a3\", \"key\": \"/get-all-contactsAPIServerResponse/200[]/phone\", \"type\": \"string\", \"order\": 6.0, \"title\": \"phone\", \"value\": {\"type\": \"string\", \"requiredFlag\": false}, \"isLeaf\": true, \"entityType\": \"componentConfig\", \"childrenSet\": false, \"hasChildren\": false, \"dataElementType\": \"string\", \"encryption_required\": false}, {\"id\": \"babc1065-e92d-4119-842c-70d4428388a3\", \"key\": \"/get-all-contactsAPIServerResponse/200[]/responseHeaders\", \"type\": \"object\", \"order\": 7.0, \"title\": \"responseHeaders\", \"value\": {\"type\": \"object\", \"requiredFlag\": false}, \"isLeaf\": false, \"children\": [{\"id\": \"babc1065-e92d-4119-842c-70d4428388a3\", \"key\": \"/get-all-contactsAPIServerResponse/200[]/responseHeaders/Transfer-Encoding\", \"type\": \"string\", \"order\": 8.0, \"title\": \"Transfer-Encoding\", \"value\": {\"type\": \"string\", \"requiredFlag\": false}, \"isLeaf\": true, \"entityType\": \"componentConfig\", \"childrenSet\": false, \"hasChildren\": false, \"dataElementType\": \"string\", \"encryption_required\": false}, {\"id\": \"babc1065-e92d-4119-842c-70d4428388a3\", \"key\": \"/get-all-contactsAPIServerResponse/200[]/responseHeaders/Retry-After\", \"type\": \"string\", \"order\": 9.0, \"title\": \"Retry-After\", \"value\": {\"type\": \"string\", \"requiredFlag\": false}, \"isLeaf\": true, \"entityType\": \"componentConfig\", \"childrenSet\": false, \"hasChildren\": false, \"dataElementType\": \"string\", \"encryption_required\": false}, {\"id\": \"babc1065-e92d-4119-842c-70d4428388a3\", \"key\": \"/get-all-contactsAPIServerResponse/200[]/responseHeaders/Access-Control-Allow-Origin\", \"type\": \"string\", \"order\": 10.0, \"title\": \"Access-Control-Allow-Origin\", \"value\": {\"type\": \"string\", \"requiredFlag\": false}, \"isLeaf\": true, \"entityType\": \"componentConfig\", \"childrenSet\": false, \"hasChildren\": false, \"dataElementType\": \"string\", \"encryption_required\": false}, {\"id\": \"babc1065-e92d-4119-842c-70d4428388a3\", \"key\": \"/get-all-contactsAPIServerResponse/200[]/responseHeaders/ETag\", \"type\": \"string\", \"order\": 11.0, \"title\": \"ETag\", \"value\": {\"type\": \"string\", \"requiredFlag\": false}, \"isLeaf\": true, \"entityType\": \"componentConfig\", \"childrenSet\": false, \"hasChildren\": false, \"dataElementType\": \"string\", \"encryption_required\": false}, {\"id\": \"babc1065-e92d-4119-842c-70d4428388a3\", \"key\": \"/get-all-contactsAPIServerResponse/200[]/responseHeaders/Content-Encoding\", \"type\": \"string\", \"order\": 12.0, \"title\": \"Content-Encoding\", \"value\": {\"type\": \"string\", \"requiredFlag\": false}, \"isLeaf\": true, \"entityType\": \"componentConfig\", \"childrenSet\": false, \"hasChildren\": false, \"dataElementType\": \"string\", \"encryption_required\": false}, {\"id\": \"babc1065-e92d-4119-842c-70d4428388a3\", \"key\": \"/get-all-contactsAPIServerResponse/200[]/responseHeaders/Set-Cookie\", \"type\": \"string\", \"order\": 13.0, \"title\": \"Set-Cookie\", \"value\": {\"type\": \"string\", \"requiredFlag\": false}, \"isLeaf\": true, \"entityType\": \"componentConfig\", \"childrenSet\": false, \"hasChildren\": false, \"dataElementType\": \"string\", \"encryption_required\": false}, {\"id\": \"babc1065-e92d-4119-842c-70d4428388a3\", \"key\": \"/get-all-contactsAPIServerResponse/200[]/responseHeaders/Expires\", \"type\": \"string\", \"order\": 14.0, \"title\": \"Expires\", \"value\": {\"type\": \"string\", \"requiredFlag\": false}, \"isLeaf\": true, \"entityType\": \"componentConfig\", \"childrenSet\": false, \"hasChildren\": false, \"dataElementType\": \"string\", \"encryption_required\": false}, {\"id\": \"babc1065-e92d-4119-842c-70d4428388a3\", \"key\": \"/get-all-contactsAPIServerResponse/200[]/responseHeaders/Last-Modified\", \"type\": \"string\", \"order\": 15.0, \"title\": \"Last-Modified\", \"value\": {\"type\": \"string\", \"requiredFlag\": false}, \"isLeaf\": true, \"entityType\": \"componentConfig\", \"childrenSet\": false, \"hasChildren\": false, \"dataElementType\": \"string\", \"encryption_required\": false}, {\"id\": \"babc1065-e92d-4119-842c-70d4428388a3\", \"key\": \"/get-all-contactsAPIServerResponse/200[]/responseHeaders/Content-Language\", \"type\": \"string\", \"order\": 16.0, \"title\": \"Content-Language\", \"value\": {\"type\": \"string\", \"requiredFlag\": false}, \"isLeaf\": true, \"entityType\": \"componentConfig\", \"childrenSet\": false, \"hasChildren\": false, \"dataElementType\": \"string\", \"encryption_required\": false}, {\"id\": \"babc1065-e92d-4119-842c-70d4428388a3\", \"key\": \"/get-all-contactsAPIServerResponse/200[]/responseHeaders/Allow\", \"type\": \"string\", \"order\": 17.0, \"title\": \"Allow\", \"value\": {\"type\": \"string\", \"requiredFlag\": false}, \"isLeaf\": true, \"entityType\": \"componentConfig\", \"childrenSet\": false, \"hasChildren\": false, \"dataElementType\": \"string\", \"encryption_required\": false}, {\"id\": \"babc1065-e92d-4119-842c-70d4428388a3\", \"key\": \"/get-all-contactsAPIServerResponse/200[]/responseHeaders/Content-Type\", \"type\": \"string\", \"order\": 18.0, \"title\": \"Content-Type\", \"value\": {\"type\": \"string\", \"requiredFlag\": false}, \"isLeaf\": true, \"entityType\": \"componentConfig\", \"childrenSet\": false, \"hasChildren\": false, \"dataElementType\": \"string\", \"encryption_required\": false}, {\"id\": \"babc1065-e92d-4119-842c-70d4428388a3\", \"key\": \"/get-all-contactsAPIServerResponse/200[]/responseHeaders/Location\", \"type\": \"string\", \"order\": 19.0, \"title\": \"Location\", \"value\": {\"type\": \"string\", \"requiredFlag\": false}, \"isLeaf\": true, \"entityType\": \"componentConfig\", \"childrenSet\": false, \"hasChildren\": false, \"dataElementType\": \"string\", \"encryption_required\": false}], \"entityType\": \"componentConfig\", \"childrenSet\": false, \"hasChildren\": false, \"dataElementType\": \"document\", \"encryption_required\": false}], \"entityType\": \"componentConfig\", \"childrenSet\": false, \"hasChildren\": false, \"dataElementType\": \"documentArray\", \"encryption_required\": false}, {\"key\": \"/get-all-contactsAPIServerResponse/default\", \"type\": \"object\", \"order\": 1.0, \"title\": \"default\", \"value\": {\"type\": \"object\"}, \"children\": [{\"id\": \"babc1065-e92d-4119-842c-70d4428388a3\", \"key\": \"/get-all-contactsAPIServerResponse/default/responseHeaders\", \"type\": \"object\", \"order\": 1.0, \"title\": \"responseHeaders\", \"value\": {\"type\": \"object\", \"requiredFlag\": false}, \"isLeaf\": false, \"children\": [{\"id\": \"babc1065-e92d-4119-842c-70d4428388a3\", \"key\": \"/get-all-contactsAPIServerResponse/default/responseHeaders/Transfer-Encoding\", \"type\": \"string\", \"order\": 2.0, \"title\": \"Transfer-Encoding\", \"value\": {\"type\": \"string\", \"requiredFlag\": false}, \"isLeaf\": true, \"entityType\": \"componentConfig\", \"childrenSet\": false, \"hasChildren\": false, \"dataElementType\": \"string\", \"encryption_required\": false}, {\"id\": \"babc1065-e92d-4119-842c-70d4428388a3\", \"key\": \"/get-all-contactsAPIServerResponse/default/responseHeaders/Retry-After\", \"type\": \"string\", \"order\": 3.0, \"title\": \"Retry-After\", \"value\": {\"type\": \"string\", \"requiredFlag\": false}, \"isLeaf\": true, \"entityType\": \"componentConfig\", \"childrenSet\": false, \"hasChildren\": false, \"dataElementType\": \"string\", \"encryption_required\": false}, {\"id\": \"babc1065-e92d-4119-842c-70d4428388a3\", \"key\": \"/get-all-contactsAPIServerResponse/default/responseHeaders/Access-Control-Allow-Origin\", \"type\": \"string\", \"order\": 4.0, \"title\": \"Access-Control-Allow-Origin\", \"value\": {\"type\": \"string\", \"requiredFlag\": false}, \"isLeaf\": true, \"entityType\": \"componentConfig\", \"childrenSet\": false, \"hasChildren\": false, \"dataElementType\": \"string\", \"encryption_required\": false}, {\"id\": \"babc1065-e92d-4119-842c-70d4428388a3\", \"key\": \"/get-all-contactsAPIServerResponse/default/responseHeaders/ETag\", \"type\": \"string\", \"order\": 5.0, \"title\": \"ETag\", \"value\": {\"type\": \"string\", \"requiredFlag\": false}, \"isLeaf\": true, \"entityType\": \"componentConfig\", \"childrenSet\": false, \"hasChildren\": false, \"dataElementType\": \"string\", \"encryption_required\": false}, {\"id\": \"babc1065-e92d-4119-842c-70d4428388a3\", \"key\": \"/get-all-contactsAPIServerResponse/default/responseHeaders/Content-Encoding\", \"type\": \"string\", \"order\": 6.0, \"title\": \"Content-Encoding\", \"value\": {\"type\": \"string\", \"requiredFlag\": false}, \"isLeaf\": true, \"entityType\": \"componentConfig\", \"childrenSet\": false, \"hasChildren\": false, \"dataElementType\": \"string\", \"encryption_required\": false}, {\"id\": \"babc1065-e92d-4119-842c-70d4428388a3\", \"key\": \"/get-all-contactsAPIServerResponse/default/responseHeaders/Set-Cookie\", \"type\": \"string\", \"order\": 7.0, \"title\": \"Set-Cookie\", \"value\": {\"type\": \"string\", \"requiredFlag\": false}, \"isLeaf\": true, \"entityType\": \"componentConfig\", \"childrenSet\": false, \"hasChildren\": false, \"dataElementType\": \"string\", \"encryption_required\": false}, {\"id\": \"babc1065-e92d-4119-842c-70d4428388a3\", \"key\": \"/get-all-contactsAPIServerResponse/default/responseHeaders/Expires\", \"type\": \"string\", \"order\": 8.0, \"title\": \"Expires\", \"value\": {\"type\": \"string\", \"requiredFlag\": false}, \"isLeaf\": true, \"entityType\": \"componentConfig\", \"childrenSet\": false, \"hasChildren\": false, \"dataElementType\": \"string\", \"encryption_required\": false}, {\"id\": \"babc1065-e92d-4119-842c-70d4428388a3\", \"key\": \"/get-all-contactsAPIServerResponse/default/responseHeaders/Last-Modified\", \"type\": \"string\", \"order\": 9.0, \"title\": \"Last-Modified\", \"value\": {\"type\": \"string\", \"requiredFlag\": false}, \"isLeaf\": true, \"entityType\": \"componentConfig\", \"childrenSet\": false, \"hasChildren\": false, \"dataElementType\": \"string\", \"encryption_required\": false}, {\"id\": \"babc1065-e92d-4119-842c-70d4428388a3\", \"key\": \"/get-all-contactsAPIServerResponse/default/responseHeaders/Content-Language\", \"type\": \"string\", \"order\": 10.0, \"title\": \"Content-Language\", \"value\": {\"type\": \"string\", \"requiredFlag\": false}, \"isLeaf\": true, \"entityType\": \"componentConfig\", \"childrenSet\": false, \"hasChildren\": false, \"dataElementType\": \"string\", \"encryption_required\": false}, {\"id\": \"babc1065-e92d-4119-842c-70d4428388a3\", \"key\": \"/get-all-contactsAPIServerResponse/default/responseHeaders/Allow\", \"type\": \"string\", \"order\": 11.0, \"title\": \"Allow\", \"value\": {\"type\": \"string\", \"requiredFlag\": false}, \"isLeaf\": true, \"entityType\": \"componentConfig\", \"childrenSet\": false, \"hasChildren\": false, \"dataElementType\": \"string\", \"encryption_required\": false}, {\"id\": \"babc1065-e92d-4119-842c-70d4428388a3\", \"key\": \"/get-all-contactsAPIServerResponse/default/responseHeaders/Content-Type\", \"type\": \"string\", \"order\": 12.0, \"title\": \"Content-Type\", \"value\": {\"type\": \"string\", \"requiredFlag\": false}, \"isLeaf\": true, \"entityType\": \"componentConfig\", \"childrenSet\": false, \"hasChildren\": false, \"dataElementType\": \"string\", \"encryption_required\": false}, {\"id\": \"babc1065-e92d-4119-842c-70d4428388a3\", \"key\": \"/get-all-contactsAPIServerResponse/default/responseHeaders/Location\", \"type\": \"string\", \"order\": 13.0, \"title\": \"Location\", \"value\": {\"type\": \"string\", \"requiredFlag\": false}, \"isLeaf\": true, \"entityType\": \"componentConfig\", \"childrenSet\": false, \"hasChildren\": false, \"dataElementType\": \"string\", \"encryption_required\": false}], \"entityType\": \"componentConfig\", \"childrenSet\": false, \"hasChildren\": false, \"dataElementType\": \"document\", \"encryption_required\": false}, {\"id\": \"babc1065-e92d-4119-842c-70d4428388a3\", \"key\": \"/get-all-contactsAPIServerResponse/default/content\", \"type\": \"object\", \"order\": 14.0, \"title\": \"content\", \"value\": {\"type\": \"object\", \"requiredFlag\": false}, \"isLeaf\": false, \"entityType\": \"componentConfig\", \"childrenSet\": false, \"hasChildren\": false, \"dataElementType\": \"object\", \"encryption_required\": false}], \"entityType\": \"componentConfig\", \"childrenSet\": false, \"hasChildren\": false, \"dataElementType\": \"document\", \"encryption_required\": false}], \"entityType\": \"componentConfig\", \"childrenSet\": false, \"hasChildren\": false, \"dataElementType\": \"document\", \"encryption_required\": false}]",
    "null" : false
  },
  "config_plug_id" : null,
  "override_plug" : false,
  "config_java_service_id" : null,
  "service_tag" : "V2",
  "endpoint_tag" : null,
  "config_service_tag" : null,
  "config_imap_tag" : null,
  "config_b2b_document_type_tag" : null,
  "active" : false,
  "parent_component_config_service_tag" : "V2",
  "service_project_id" : "9637deb1-c20b-4883-89fe-94ddeddc185c",
  "service_project_tag" : "V2",
  "config_service_project_id" : null,
  "config_service_project_tag" : null,
  "config_imap_project_id" : null,
  "config_imap_project_tag" : null,
  "config_b2b_document_type_project_id" : null,
  "config_b2b_document_type_project_tag" : null,
  "endpoint_project_id" : null,
  "endpoint_project_tag" : null,
  "config_plug_tag" : null,
  "config_plug_project_id" : null,
  "config_plug_project_tag" : null,
  "config_java_service_tag" : null,
  "config_java_service_project_id" : null,
  "config_java_service_project_tag" : null,
  "disabled" : false,
  "config" : {
    "type" : "json",
    "value" : "{\"api\":{\"id\":\"449e72bb-800d-479e-ac02-b5cfc2ffcfe8\",\"name\":\"EnhancedContact\",\"projectId\":\"9637deb1-c20b-4883-89fe-94ddeddc185c\",\"projectName\":\"EnhancedContactAPI\",\"integrationId\":\"7c601f21-5f30-4174-8d84-8bdd714a957f\",\"entityId\":\"4bc76155-1a2c-4fd6-a673-b34bd4bb0b25\",\"apiServiceId\":\"26401bc9-75b7-431e-8898-e0f0f57ab1ed\"},\"operations\":[{\"id\":\"0a9fc4f1-a1aa-4596-9b02-b81de744cafd\",\"method\":\"GET\",\"path\":\"/sfdccontact\",\"operationId\":\"enhancedcontact-1.0 get-all-contacts\"}]}",
    "null" : false
  },
  "config_b2b_document_type_project_mode_id" : "112c1cb8-4b9e-4d1a-a042-0bd031dc7d05",
  "config_imap_project_mode_id" : "112c1cb8-4b9e-4d1a-a042-0bd031dc7d05",
  "config_java_service_project_mode_id" : "112c1cb8-4b9e-4d1a-a042-0bd031dc7d05",
  "config_plug_project_mode_id" : "112c1cb8-4b9e-4d1a-a042-0bd031dc7d05",
  "config_service_project_mode_id" : "112c1cb8-4b9e-4d1a-a042-0bd031dc7d05",
  "endpoint_project_mode_id" : "112c1cb8-4b9e-4d1a-a042-0bd031dc7d05",
  "service_project_mode_id" : "112c1cb8-4b9e-4d1a-a042-0bd031dc7d05",
  "parent_component_config_service_project_mode_id" : "112c1cb8-4b9e-4d1a-a042-0bd031dc7d05",
  "is_audit" : true,
  "keys_with_order" : null
}