{
  "component_config_id" : "971ac0bb-01e4-46f1-b322-0c1719a435c5",
  "endpoint_config_json" : {
    "type" : "jsonb",
    "value" : "{\"crossRef\": [], \"services\": [], \"multistep\": [], \"operations\": []}",
    "null" : false
  },
  "input_config_json" : {
    "type" : "jsonb",
    "value" : "{\"crossRef\": [], \"services\": [], \"multistep\": [], \"operations\": [{\"map\": {\"id\": \"395a9913-f64f-418e-909c-d8b843c939c3\", \"root\": false, \"type\": \"setValue\", \"cached\": false, \"target\": \"/GetAllSFDCContactsInput/where/where_IsDeleted\", \"mapNull\": false, \"disabled\": false, \"extractXml\": false, \"extractJson\": false, \"targetOrder\": 3.0, \"targetValue\": \"false\", \"mapEmptyString\": false, \"targetJavaType\": \"java.lang.Boolean\", \"variableSubstitution\": false}}]}",
    "null" : false
  },
  "output_config_json" : {
    "type" : "jsonb",
    "value" : "{\"crossRef\": [], \"services\": [], \"multistep\": [], \"operations\": [{\"map\": {\"id\": \"eb6bfa34-d4d0-4b68-8f4c-fef3273c05e0\", \"root\": true, \"type\": \"map\", \"cached\": false, \"source\": \"/GetAllSFDCContactsOutput\", \"target\": \"/GetAllSFDCContactsOutput\", \"mapNull\": false, \"disabled\": false, \"extractXml\": false, \"extractJson\": false, \"targetOrder\": 1.0, \"mapEmptyString\": false}}, {\"map\": {\"id\": \"fdc78035-ae14-4151-b035-8e7122054b1c\", \"root\": true, \"type\": \"list\", \"cached\": false, \"source\": \"/GetAllSFDCContactsOutput/response/records[]\", \"target\": \"/GetContactsOutput/ResponseBody[]\", \"mapNull\": false, \"disabled\": false, \"extractXml\": false, \"extractJson\": false, \"targetOrder\": 1.0, \"mapEmptyString\": false}}, {\"map\": {\"id\": \"f0552340-6719-454e-aaf9-9749014946e2\", \"root\": false, \"type\": \"setValue\", \"cached\": false, \"target\": \"/GetContactsOutput/ResponseStatus\", \"mapNull\": false, \"disabled\": false, \"extractXml\": false, \"extractJson\": false, \"targetOrder\": 1.0, \"targetValue\": \"200\", \"mapEmptyString\": false, \"targetJavaType\": \"java.lang.String\", \"variableSubstitution\": false}}]}",
    "null" : false
  },
  "component_id" : "f9e692b6-2d3f-4aa8-be08-38ccc97babd0",
  "service_id" : "a077a61a-a6ad-416f-92e6-c1495674c9e8",
  "endpoint_id" : "3747044c-9111-4fbe-9440-d22d1158d1c9",
  "parent_component_config_id" : null,
  "component_config_order" : 1.0,
  "action_id" : "acc3e0a8-5a55-4b14-b1b8-2d9604bbe31f",
  "name" : "Get SFDC Contacts",
  "description" : "",
  "override_endpoint" : false,
  "input_structure_json" : {
    "type" : "jsonb",
    "value" : "{\"maps\": [{\"/GetAllSFDCContactsInput/where/where_IsDeleted\": [{\"type\": \"setValue\", \"target\": {\"path\": \"/GetAllSFDCContactsInput/where/where_IsDeleted\", \"order\": 3, \"title\": \"IsDeleted\", \"dataElementType\": \"boolean\"}, \"values\": [{\"id\": \"29cb2ac9-cea6-4cbb-89ca-122db21bb7dc\", \"key\": \"/GetAllSFDCContactsInput/where/where_IsDeleted\", \"type\": \"boolean\", \"order\": 3, \"title\": \"IsDeleted\", \"setValue\": \"false\", \"uiElement\": \"false\", \"isSetValue\": false, \"childrenSet\": false, \"hasChildren\": false, \"dataElementType\": \"boolean\", \"encryption_required\": false}], \"mapCondition\": {\"isConditionSet\": false, \"sourceTreeIndex\": [], \"targetTreeIndex\": [], \"mapConditionFormValue\": {}}, \"variableSubstitution\": false, \"overwritePipelineValue\": false}]}], \"mappedNodes\": [\"/GetAllSFDCContactsOutput/response/records[]\", \"/GetContactsOutput/ResponseBody[]pipeOut\", \"/GetAllSFDCContactsInput/where/where_IsDeleted actionIn\", \"/GetAllSFDCContactsInput/where actionIn\", \"/GetAllSFDCContactsInput actionIn\", \"/GetAllSFDCContactsOutputactionOut\", \"/GetAllSFDCContactsOutputpipeOut\", \"/GetContactsOutput/ResponseStatuspipeOut\", \"/GetContactsOutputpipeOut\", \"/GetAllSFDCContactsOutput/response/records[]\", \"/GetContactsOutput/ResponseBody[]pipeOut\"]}",
    "null" : false
  },
  "output_structure_json" : {
    "type" : "jsonb",
    "value" : "{\"maps\": [{\"/GetAllSFDCContactsOutput\": [{\"type\": \"map\", \"source\": {\"path\": \"/GetAllSFDCContactsOutput\", \"title\": \"GetAllSFDCContactsOutput\", \"dataElementType\": \"document\"}, \"target\": {\"path\": \"/GetAllSFDCContactsOutput\", \"order\": 1, \"title\": \"GetAllSFDCContactsOutput\", \"dataElementType\": \"document\"}, \"mapCondition\": {\"isConditionSet\": false, \"sourceTreeIndex\": [], \"targetTreeIndex\": [], \"mapConditionFormValue\": {}}}]}, {\"/GetContactsOutput/ResponseStatus\": [{\"type\": \"setValue\", \"order\": 1, \"target\": {\"path\": \"/GetContactsOutput/ResponseStatus\", \"order\": 1, \"title\": \"ResponseStatus\", \"dataElementType\": \"string\"}, \"values\": [{\"id\": \"13ed52e2-747e-47aa-90ad-f75df7b37f8b\", \"key\": \"/GetContactsOutput/ResponseStatus\", \"type\": \"node\", \"order\": 1, \"title\": \"ResponseStatus\", \"children\": [], \"setValue\": null, \"editAllow\": true, \"uiElement\": \"200\", \"isSetValue\": false, \"childrenSet\": false, \"hasChildren\": false, \"dataElementType\": \"string\", \"encryption_required\": false}], \"mapCondition\": {\"isConditionSet\": false, \"sourceTreeIndex\": [], \"targetTreeIndex\": [], \"mapConditionFormValue\": {}}, \"dataElementType\": \"string\", \"variableSubstitution\": false, \"overwritePipelineValue\": false}]}, {\"/GetContactsOutput/ResponseBody[]\": [{\"type\": \"list\", \"source\": {\"path\": \"/GetAllSFDCContactsOutput/response/records[]\", \"title\": \"records\", \"dataElementType\": \"documentArray\"}, \"target\": {\"path\": \"/GetContactsOutput/ResponseBody[]\", \"order\": 1, \"title\": \"ResponseBody\", \"dataElementType\": \"documentArray\"}, \"mapCondition\": {\"isConditionSet\": false, \"sourceTreeIndex\": [{\"key\": 1, \"title\": \"GetAllSFDCContactsOutput\", \"isLeaf\": false, \"isArray\": false, \"children\": [{\"key\": 2, \"title\": \"response\", \"isLeaf\": false, \"isArray\": false, \"children\": [{\"key\": 3, \"title\": \"records\", \"isLeaf\": false, \"isArray\": true, \"parentKey\": 2, \"arrayIndex\": null}], \"parentKey\": 1}], \"parentKey\": 0}], \"targetTreeIndex\": [{\"key\": 1, \"title\": \"GetContactsOutput\", \"isLeaf\": false, \"isArray\": false, \"children\": [{\"key\": 2, \"title\": \"ResponseBody[]\", \"isLeaf\": false, \"isArray\": true, \"parentKey\": 1, \"arrayIndex\": null}], \"parentKey\": 0}], \"mapConditionFormValue\": {}}}]}], \"tracks\": {}, \"transformer\": []}",
    "null" : false
  },
  "endpoint_structure_json" : {
    "type" : "jsonb",
    "value" : "{\"maps\": []}",
    "null" : false
  },
  "is_error" : false,
  "no_of_errors" : 0,
  "action_input_type" : null,
  "config_service_id" : null,
  "config_imap_id" : null,
  "config_b2b_document_type_id" : null,
  "config_document_id" : null,
  "add_variables" : {
    "type" : "jsonb",
    "value" : "[]",
    "null" : false
  },
  "drop_variables" : {
    "type" : "jsonb",
    "value" : "[]",
    "null" : false
  },
  "plug_input_structure" : null,
  "plug_output_structure" : null,
  "config_plug_id" : "a4e6e8a1-5d63-44c1-a031-bed8ca1ae08b",
  "override_plug" : false,
  "config_java_service_id" : null,
  "service_tag" : "V2",
  "endpoint_tag" : null,
  "config_service_tag" : "",
  "config_imap_tag" : "",
  "config_b2b_document_type_tag" : "",
  "active" : false,
  "parent_component_config_service_tag" : "V2",
  "service_project_id" : "9637deb1-c20b-4883-89fe-94ddeddc185c",
  "service_project_tag" : "V2",
  "config_service_project_id" : null,
  "config_service_project_tag" : "",
  "config_imap_project_id" : null,
  "config_imap_project_tag" : "",
  "config_b2b_document_type_project_id" : null,
  "config_b2b_document_type_project_tag" : "",
  "endpoint_project_id" : "9637deb1-c20b-4883-89fe-94ddeddc185c",
  "endpoint_project_tag" : null,
  "config_plug_tag" : "EMPTY",
  "config_plug_project_id" : "9637deb1-c20b-4883-89fe-94ddeddc185c",
  "config_plug_project_tag" : "EMPTY",
  "config_java_service_tag" : "",
  "config_java_service_project_id" : null,
  "config_java_service_project_tag" : "",
  "disabled" : false,
  "config" : {
    "type" : "json",
    "value" : "{\"objectId\":null,\"version\":null,\"objectApiId\":null}",
    "null" : false
  },
  "config_b2b_document_type_project_mode_id" : "112c1cb8-4b9e-4d1a-a042-0bd031dc7d05",
  "config_imap_project_mode_id" : "112c1cb8-4b9e-4d1a-a042-0bd031dc7d05",
  "config_java_service_project_mode_id" : "112c1cb8-4b9e-4d1a-a042-0bd031dc7d05",
  "config_plug_project_mode_id" : "112c1cb8-4b9e-4d1a-a042-0bd031dc7d05",
  "config_service_project_mode_id" : "112c1cb8-4b9e-4d1a-a042-0bd031dc7d05",
  "endpoint_project_mode_id" : "112c1cb8-4b9e-4d1a-a042-0bd031dc7d05",
  "service_project_mode_id" : "112c1cb8-4b9e-4d1a-a042-0bd031dc7d05",
  "parent_component_config_service_project_mode_id" : "112c1cb8-4b9e-4d1a-a042-0bd031dc7d05",
  "is_audit" : true,
  "keys_with_order" : null
}