{
  "component_config_id" : "826e8849-9c0c-427a-9204-6c7883c0104e",
  "endpoint_config_json" : {
    "type" : "jsonb",
    "value" : "{\"crossRef\": [], \"services\": [], \"multistep\": [], \"operations\": []}",
    "null" : false
  },
  "input_config_json" : {
    "type" : "jsonb",
    "value" : "{\"crossRef\": [], \"services\": [], \"multistep\": [], \"operations\": [{\"map\": {\"id\": \"e35289a5-4ab4-4874-9982-34e37d0fd6dc\", \"root\": false, \"type\": \"list\", \"cached\": false, \"source\": \"/OpenAPIResponse/choices[]/message/content\", \"target\": \"/jsonString\", \"mapNull\": false, \"disabled\": false, \"extractXml\": false, \"extractJson\": false, \"targetOrder\": 1.0, \"mapEmptyString\": false, \"sourceJavaType\": \"java.lang.String\", \"targetJavaType\": \"java.lang.String\"}}]}",
    "null" : false
  },
  "output_config_json" : {
    "type" : "jsonb",
    "value" : "{\"crossRef\": [], \"services\": [], \"multistep\": [], \"operations\": [{\"map\": {\"id\": \"115538b3-bff5-44a3-b29f-35daf01a3e17\", \"root\": true, \"type\": \"map\", \"cached\": false, \"source\": \"/OpenAPIResponseContent\", \"target\": \"/OpenAPIResponseContent\", \"mapNull\": false, \"disabled\": false, \"extractXml\": false, \"extractJson\": false, \"targetOrder\": 0.0, \"mapEmptyString\": false}}, {\"map\": {\"id\": \"7e9dfa0d-0b21-4915-8b25-0832036af8f1\", \"root\": false, \"type\": \"map\", \"cached\": false, \"source\": \"/isValid\", \"target\": \"/isValid\", \"mapNull\": false, \"disabled\": false, \"extractXml\": false, \"extractJson\": false, \"targetOrder\": 1.0, \"mapEmptyString\": false, \"sourceJavaType\": \"java.lang.Boolean\", \"targetJavaType\": \"java.lang.Boolean\"}}, {\"map\": {\"id\": \"12d3c336-e003-4a4f-a594-c87ba89eb550\", \"root\": true, \"type\": \"map\", \"cached\": false, \"source\": \"/Error\", \"target\": \"/Error\", \"mapNull\": false, \"disabled\": false, \"extractXml\": false, \"extractJson\": false, \"targetOrder\": 1.0, \"mapEmptyString\": false}}]}",
    "null" : false
  },
  "component_id" : "4c7b3568-6fa9-42c6-8bba-8e9e3933d6ed",
  "service_id" : "f279e25d-6604-473b-8547-f14c8fb51ce8",
  "endpoint_id" : null,
  "parent_component_config_id" : null,
  "component_config_order" : 4.0,
  "action_id" : "42bc8a52-bd1d-40f7-8f58-f813690561e1",
  "name" : "Parse Content",
  "description" : "",
  "override_endpoint" : false,
  "input_structure_json" : {
    "type" : "jsonb",
    "value" : "{\"maps\": [{\"/jsonString\": [{\"type\": \"list\", \"source\": {\"path\": \"/OpenAPIResponse/choices[]/message/content\", \"title\": \"content\", \"dataElementType\": \"string\"}, \"target\": {\"path\": \"/jsonString\", \"order\": 1, \"title\": \"jsonString\", \"dataElementType\": \"string\"}, \"mapCondition\": {\"isConditionSet\": false, \"sourceTreeIndex\": [{\"key\": 1, \"title\": \"OpenAPIResponse\", \"isLeaf\": false, \"isArray\": false, \"children\": [{\"key\": 2, \"title\": \"choices\", \"isLeaf\": false, \"isArray\": true, \"children\": [{\"key\": 3, \"title\": \"message\", \"isLeaf\": false, \"isArray\": false, \"children\": [{\"key\": 4, \"title\": \"content\", \"isLeaf\": false, \"isArray\": false, \"parentKey\": 3}], \"parentKey\": 2}], \"parentKey\": 1, \"arrayIndex\": null}], \"parentKey\": 0}], \"targetTreeIndex\": [{\"key\": 1, \"title\": \"jsonString\", \"isLeaf\": false, \"isArray\": false, \"parentKey\": 0}], \"mapConditionFormValue\": {}}}]}], \"mappedNodes\": [\"/isValid\", \"/isValidpipeOut\", \"/Error\", \"/ErrorpipeOut\", \"/OpenAPIResponseContentactionOut\", \"/OpenAPIResponseContentpipeOut\", \"/OpenAPIResponse/choices[]/message/content pipeIn\", \"/jsonString actionIn\"]}",
    "null" : false
  },
  "output_structure_json" : {
    "type" : "jsonb",
    "value" : "{\"maps\": [{\"/OpenAPIResponseContent\": [{\"type\": \"map\", \"source\": {\"path\": \"/OpenAPIResponseContent\", \"title\": \"OpenAPIResponseContent\", \"dataElementType\": \"document\"}, \"target\": {\"path\": \"/OpenAPIResponseContent\", \"order\": 0, \"title\": \"OpenAPIResponseContent\", \"dataElementType\": \"document\"}, \"mapCondition\": {\"isConditionSet\": false, \"sourceTreeIndex\": [], \"targetTreeIndex\": [], \"mapConditionFormValue\": {}}}]}, {\"/isValid\": [{\"type\": \"map\", \"source\": {\"path\": \"/isValid\", \"title\": \"isValid\", \"dataElementType\": \"boolean\"}, \"target\": {\"path\": \"/isValid\", \"order\": 1, \"title\": \"isValid\", \"dataElementType\": \"boolean\"}, \"mapCondition\": {\"isConditionSet\": false, \"sourceTreeIndex\": [], \"targetTreeIndex\": [], \"mapConditionFormValue\": {}}}]}, {\"/Error\": [{\"type\": \"map\", \"source\": {\"path\": \"/Error\", \"title\": \"Error\", \"dataElementType\": \"document\"}, \"target\": {\"path\": \"/Error\", \"order\": 1, \"title\": \"Error\", \"dataElementType\": \"document\"}, \"mapCondition\": {\"isConditionSet\": false, \"sourceTreeIndex\": [], \"targetTreeIndex\": [], \"mapConditionFormValue\": {}}}]}], \"transformer\": []}",
    "null" : false
  },
  "endpoint_structure_json" : {
    "type" : "jsonb",
    "value" : "{\"maps\": []}",
    "null" : false
  },
  "is_error" : false,
  "no_of_errors" : 0,
  "action_input_type" : null,
  "config_service_id" : null,
  "config_imap_id" : null,
  "config_b2b_document_type_id" : "749af75a-6aae-42d3-acf0-8a6bee8a0b99",
  "config_document_id" : null,
  "add_variables" : {
    "type" : "jsonb",
    "value" : "[]",
    "null" : false
  },
  "drop_variables" : {
    "type" : "jsonb",
    "value" : "[]",
    "null" : false
  },
  "plug_input_structure" : null,
  "plug_output_structure" : null,
  "config_plug_id" : null,
  "override_plug" : false,
  "config_java_service_id" : null,
  "service_tag" : "V2",
  "endpoint_tag" : null,
  "config_service_tag" : "",
  "config_imap_tag" : "",
  "config_b2b_document_type_tag" : "EMPTY",
  "active" : false,
  "parent_component_config_service_tag" : "V2",
  "service_project_id" : "9637deb1-c20b-4883-89fe-94ddeddc185c",
  "service_project_tag" : "V2",
  "config_service_project_id" : null,
  "config_service_project_tag" : "",
  "config_imap_project_id" : null,
  "config_imap_project_tag" : "",
  "config_b2b_document_type_project_id" : "9637deb1-c20b-4883-89fe-94ddeddc185c",
  "config_b2b_document_type_project_tag" : "EMPTY",
  "endpoint_project_id" : null,
  "endpoint_project_tag" : null,
  "config_plug_tag" : null,
  "config_plug_project_id" : null,
  "config_plug_project_tag" : null,
  "config_java_service_tag" : "",
  "config_java_service_project_id" : null,
  "config_java_service_project_tag" : "",
  "disabled" : false,
  "config" : null,
  "config_b2b_document_type_project_mode_id" : "112c1cb8-4b9e-4d1a-a042-0bd031dc7d05",
  "config_imap_project_mode_id" : "112c1cb8-4b9e-4d1a-a042-0bd031dc7d05",
  "config_java_service_project_mode_id" : "112c1cb8-4b9e-4d1a-a042-0bd031dc7d05",
  "config_plug_project_mode_id" : "112c1cb8-4b9e-4d1a-a042-0bd031dc7d05",
  "config_service_project_mode_id" : "112c1cb8-4b9e-4d1a-a042-0bd031dc7d05",
  "endpoint_project_mode_id" : "112c1cb8-4b9e-4d1a-a042-0bd031dc7d05",
  "service_project_mode_id" : "112c1cb8-4b9e-4d1a-a042-0bd031dc7d05",
  "parent_component_config_service_project_mode_id" : "112c1cb8-4b9e-4d1a-a042-0bd031dc7d05",
  "is_audit" : true,
  "keys_with_order" : null
}