{
  "id" : "a077a61a-a6ad-416f-92e6-c1495674c9e8",
  "name" : "GetContacts",
  "description" : "GetContacts",
  "iserror" : false,
  "no_of_errors" : 0,
  "service_input" : {
    "type" : "jsonb",
    "value" : "[{\"id\": \"15037a66-0e5b-4119-9b59-a74c74304530\", \"key\": \"/GetContactsInput\", \"type\": \"object\", \"order\": 1, \"title\": \"GetContactsInput\", \"value\": {\"type\": \"object\"}, \"isLeaf\": false, \"children\": [], \"childrenSet\": false, \"hasChildren\": false, \"dataElementType\": \"document\", \"documentReference\": [], \"encryption_required\": false}]",
    "null" : false
  },
  "service_output" : {
    "type" : "jsonb",
    "value" : "[{\"id\": \"e5e13e57-dbf9-46e7-810b-9f079d7cc695\", \"key\": \"/GetContactsOutput\", \"type\": \"object\", \"order\": 1, \"title\": \"GetContactsOutput\", \"value\": {\"type\": \"object\"}, \"isLeaf\": false, \"children\": [{\"id\": \"69afd80a-c692-436e-8436-bfdf5ab157fc\", \"key\": \"/GetContactsOutput/ResponseStatus\", \"edit\": false, \"type\": \"node\", \"order\": 1, \"title\": \"ResponseStatus\", \"value\": {\"type\": \"string\"}, \"children\": [], \"editAllow\": true, \"dataElementType\": \"string\"}, {\"id\": \"65147347-5ecd-47e0-a899-b6c3f81184e5\", \"key\": \"/GetContactsOutput/ResponseBody[]\", \"edit\": false, \"type\": \"node\", \"order\": 1, \"title\": \"ResponseBody\", \"value\": {\"type\": \"array\"}, \"children\": [], \"editAllow\": true, \"dataElementType\": \"documentArray\"}], \"childrenSet\": false, \"hasChildren\": false, \"dataElementType\": \"document\", \"documentReference\": [], \"encryption_required\": false}]",
    "null" : false
  },
  "service_input_json_schema" : {
    "type" : "jsonb",
    "value" : "{\"required\": [], \"properties\": {\"GetContactsInput\": {\"type\": \"object\", \"required\": []}}, \"additionalProperties\": false}",
    "null" : false
  },
  "service_output_json_schema" : {
    "type" : "jsonb",
    "value" : "{\"required\": [], \"properties\": {\"GetContactsOutput\": {\"type\": \"object\", \"required\": [], \"properties\": {\"ResponseBody\": {\"type\": \"array\"}, \"ResponseStatus\": {\"type\": \"string\"}}, \"additionalProperties\": false}}, \"additionalProperties\": false}",
    "null" : false
  },
  "type" : "SERVICE",
  "error_handler" : false,
  "tag" : "V3",
  "active" : false,
  "is_changed" : false,
  "comment" : "Switched from HTTP Clietn for OpenAI to the new OpenAI connector",
  "base_tag" : "V2",
  "test_input" : {
    "type" : "jsonb",
    "value" : "{}",
    "null" : false
  },
  "test_input_structure" : {
    "type" : "jsonb",
    "value" : "[{\"id\": \"15037a66-0e5b-4119-9b59-a74c74304530\", \"key\": \"/GetContactsInput\", \"type\": \"object\", \"order\": 1, \"title\": \"GetContactsInput\", \"value\": {\"type\": \"object\"}, \"isLeaf\": false, \"children\": [], \"childrenSet\": false, \"hasChildren\": false, \"dataElementType\": \"document\", \"encryption_required\": false}]",
    "null" : false
  }
}