{
  "component_config_id" : "e199d7ff-3aeb-4095-b2b0-adedb42b27a2",
  "endpoint_config_json" : {
    "type" : "jsonb",
    "value" : "{\"crossRef\": [], \"services\": [], \"multistep\": [], \"operations\": []}",
    "null" : false
  },
  "input_config_json" : {
    "type" : "jsonb",
    "value" : "{\"crossRef\": [], \"services\": [], \"multistep\": [], \"operations\": []}",
    "null" : false
  },
  "output_config_json" : {
    "type" : "jsonb",
    "value" : "{\"crossRef\": [], \"services\": [], \"multistep\": [], \"operations\": [{\"map\": {\"id\": \"0c410507-0299-41a5-842b-d85ba1a62419\", \"root\": true, \"type\": \"map\", \"cached\": false, \"source\": \"/GetContactsOutput\", \"target\": \"/GetContactsOutput\", \"mapNull\": false, \"disabled\": false, \"extractXml\": false, \"extractJson\": false, \"targetOrder\": 1.0, \"mapEmptyString\": false}}, {\"map\": {\"id\": \"a86c188f-9c41-4a19-a699-403754b2d3da\", \"root\": false, \"type\": \"map\", \"cached\": false, \"source\": \"/GetContactsOutput/ResponseStatus\", \"target\": \"/status\", \"mapNull\": false, \"disabled\": false, \"extractXml\": false, \"extractJson\": false, \"targetOrder\": 1.0, \"mapEmptyString\": false, \"sourceJavaType\": \"java.lang.String\", \"targetJavaType\": \"java.lang.String\"}}, {\"map\": {\"id\": \"6287f318-a1ec-46bb-8fb6-3329245ac680\", \"root\": true, \"type\": \"list\", \"cached\": false, \"source\": \"/GetContactsOutput/ResponseBody[]\", \"target\": \"/get-all-contactsAPIServerResponse/200[]\", \"mapNull\": false, \"disabled\": false, \"extractXml\": false, \"extractJson\": false, \"targetOrder\": 1.0, \"mapEmptyString\": false}}, {\"map\": {\"id\": \"ce0d3934-c908-4a28-8db7-2548d6cfff27\", \"root\": false, \"type\": \"setValue\", \"cached\": false, \"target\": \"/get-all-contactsAPIServerResponse/200[]/responseHeaders/Content-Type\", \"mapNull\": false, \"disabled\": false, \"extractXml\": false, \"extractJson\": false, \"targetOrder\": 18.0, \"targetValue\": \"application/json\", \"mapEmptyString\": false, \"targetJavaType\": \"java.lang.String\", \"variableSubstitution\": false}}]}",
    "null" : false
  },
  "component_id" : "756d919f-1b1f-4eab-9f44-2f7b5bbe175c",
  "service_id" : "7c601f21-5f30-4174-8d84-8bdd714a957f",
  "endpoint_id" : null,
  "parent_component_config_id" : "3082bb2c-71a1-4139-8182-8c00e5d9ad79",
  "component_config_order" : 0.5,
  "action_id" : "8e231fcc-71d0-43f6-9303-70dcb0ca6080",
  "name" : "",
  "description" : "",
  "override_endpoint" : false,
  "input_structure_json" : {
    "type" : "jsonb",
    "value" : "{\"maps\": [], \"mappedNodes\": [\"/GetContactsOutputactionOut\", \"/GetContactsOutputpipeOut\", \"/GetContactsOutput/ResponseStatus\", \"/statuspipeOut\", \"/GetContactsOutput/ResponseBody[]\", \"/get-all-contactsAPIServerResponse/200[]pipeOut\", \"/get-all-contactsAPIServerResponse/200[]/responseHeaders/Content-TypepipeOut\", \"/get-all-contactsAPIServerResponse/200[]/responseHeaderspipeOut\", \"/get-all-contactsAPIServerResponse/200[]pipeOut\", \"/get-all-contactsAPIServerResponsepipeOut\"]}",
    "null" : false
  },
  "output_structure_json" : {
    "type" : "jsonb",
    "value" : "{\"maps\": [{\"/GetContactsOutput\": [{\"type\": \"map\", \"source\": {\"path\": \"/GetContactsOutput\", \"title\": \"GetContactsOutput\", \"dataElementType\": \"document\"}, \"target\": {\"path\": \"/GetContactsOutput\", \"order\": 1, \"title\": \"GetContactsOutput\", \"dataElementType\": \"document\"}, \"mapCondition\": {\"isConditionSet\": false, \"sourceTreeIndex\": [], \"targetTreeIndex\": [], \"mapConditionFormValue\": {}}}]}, {\"/status\": [{\"type\": \"map\", \"source\": {\"path\": \"/GetContactsOutput/ResponseStatus\", \"title\": \"ResponseStatus\", \"dataElementType\": \"string\"}, \"target\": {\"path\": \"/status\", \"order\": 1, \"title\": \"status\", \"dataElementType\": \"string\"}, \"mapCondition\": {\"isConditionSet\": false, \"sourceTreeIndex\": [], \"targetTreeIndex\": [], \"mapConditionFormValue\": {}}}]}, {\"/get-all-contactsAPIServerResponse/200[]\": [{\"type\": \"list\", \"source\": {\"path\": \"/GetContactsOutput/ResponseBody[]\", \"title\": \"ResponseBody\", \"dataElementType\": \"documentArray\"}, \"target\": {\"path\": \"/get-all-contactsAPIServerResponse/200[]\", \"order\": 1, \"title\": \"200\", \"dataElementType\": \"documentArray\"}, \"mapCondition\": {\"isConditionSet\": false, \"sourceTreeIndex\": [{\"key\": 1, \"title\": \"GetContactsOutput\", \"isLeaf\": false, \"isArray\": false, \"children\": [{\"key\": 2, \"title\": \"ResponseBody\", \"isLeaf\": false, \"isArray\": true, \"parentKey\": 1, \"arrayIndex\": null}], \"parentKey\": 0}], \"targetTreeIndex\": [{\"key\": 1, \"title\": \"get-all-contactsAPIServerResponse\", \"isLeaf\": false, \"isArray\": false, \"children\": [{\"key\": 2, \"title\": \"200[]\", \"isLeaf\": false, \"isArray\": true, \"parentKey\": 1, \"arrayIndex\": null}], \"parentKey\": 0}], \"mapConditionFormValue\": {}}}]}, {\"/get-all-contactsAPIServerResponse/200[]/responseHeaders/Content-Type\": [{\"type\": \"setValue\", \"order\": 18, \"target\": {\"path\": \"/get-all-contactsAPIServerResponse/200[]/responseHeaders/Content-Type\", \"order\": 18, \"title\": \"Content-Type\", \"dataElementType\": \"string\"}, \"values\": [{\"id\": \"dbfac890-935f-43f5-8e54-a5c847fa81cd\", \"key\": \"/get-all-contactsAPIServerResponse/200[]/responseHeaders/Content-Type\", \"type\": \"string\", \"order\": 18, \"title\": \"Content-Type\", \"isLeaf\": true, \"setValue\": null, \"uiElement\": \"application/json\", \"isSetValue\": false, \"childrenSet\": false, \"hasChildren\": false, \"dataElementType\": \"string\", \"encryption_required\": false}], \"mapCondition\": {\"isConditionSet\": false, \"sourceTreeIndex\": [], \"targetTreeIndex\": [{\"key\": 1, \"title\": \"get-all-contactsAPIServerResponse\", \"isLeaf\": false, \"isArray\": false, \"children\": [{\"key\": 2, \"title\": \"200\", \"isLeaf\": false, \"isArray\": true, \"children\": [{\"key\": 3, \"title\": \"responseHeaders\", \"isLeaf\": false, \"isArray\": false, \"children\": [{\"key\": 4, \"title\": \"Content-Type\", \"isLeaf\": false, \"isArray\": false, \"parentKey\": 3}], \"parentKey\": 2}], \"parentKey\": 1, \"arrayIndex\": null}], \"parentKey\": 0}], \"mapConditionFormValue\": {}}, \"dataElementType\": \"string\", \"variableSubstitution\": false, \"overwritePipelineValue\": false}]}], \"tracks\": {}, \"transformer\": []}",
    "null" : false
  },
  "endpoint_structure_json" : {
    "type" : "jsonb",
    "value" : "{\"maps\": []}",
    "null" : false
  },
  "is_error" : false,
  "no_of_errors" : 0,
  "action_input_type" : null,
  "config_service_id" : "a077a61a-a6ad-416f-92e6-c1495674c9e8",
  "config_imap_id" : null,
  "config_b2b_document_type_id" : null,
  "config_document_id" : null,
  "add_variables" : {
    "type" : "jsonb",
    "value" : "[]",
    "null" : false
  },
  "drop_variables" : {
    "type" : "jsonb",
    "value" : "[]",
    "null" : false
  },
  "plug_input_structure" : null,
  "plug_output_structure" : null,
  "config_plug_id" : null,
  "override_plug" : false,
  "config_java_service_id" : null,
  "service_tag" : "V3",
  "endpoint_tag" : null,
  "config_service_tag" : "EMPTY",
  "config_imap_tag" : "",
  "config_b2b_document_type_tag" : "",
  "active" : false,
  "parent_component_config_service_tag" : "V3",
  "service_project_id" : "9637deb1-c20b-4883-89fe-94ddeddc185c",
  "service_project_tag" : "V3",
  "config_service_project_id" : "9637deb1-c20b-4883-89fe-94ddeddc185c",
  "config_service_project_tag" : "EMPTY",
  "config_imap_project_id" : null,
  "config_imap_project_tag" : "",
  "config_b2b_document_type_project_id" : null,
  "config_b2b_document_type_project_tag" : "",
  "endpoint_project_id" : null,
  "endpoint_project_tag" : null,
  "config_plug_tag" : null,
  "config_plug_project_id" : null,
  "config_plug_project_tag" : null,
  "config_java_service_tag" : "",
  "config_java_service_project_id" : null,
  "config_java_service_project_tag" : "",
  "disabled" : false,
  "config" : {
    "type" : "json",
    "value" : "{\"serviceProjectName\":\"EnhancedContactAPI\"}",
    "null" : false
  },
  "config_b2b_document_type_project_mode_id" : "112c1cb8-4b9e-4d1a-a042-0bd031dc7d05",
  "config_imap_project_mode_id" : "112c1cb8-4b9e-4d1a-a042-0bd031dc7d05",
  "config_java_service_project_mode_id" : "112c1cb8-4b9e-4d1a-a042-0bd031dc7d05",
  "config_plug_project_mode_id" : "112c1cb8-4b9e-4d1a-a042-0bd031dc7d05",
  "config_service_project_mode_id" : "112c1cb8-4b9e-4d1a-a042-0bd031dc7d05",
  "endpoint_project_mode_id" : "112c1cb8-4b9e-4d1a-a042-0bd031dc7d05",
  "service_project_mode_id" : "112c1cb8-4b9e-4d1a-a042-0bd031dc7d05",
  "parent_component_config_service_project_mode_id" : "112c1cb8-4b9e-4d1a-a042-0bd031dc7d05",
  "is_audit" : true,
  "keys_with_order" : null
}