{
  "component_config_id" : "ea4df2ef-79e3-4c63-a6ae-04ae3aa5e5d2",
  "endpoint_config_json" : {
    "type" : "jsonb",
    "value" : "{\"crossRef\": [], \"services\": [], \"multistep\": [], \"operations\": []}",
    "null" : false
  },
  "input_config_json" : {
    "type" : "jsonb",
    "value" : "{\"crossRef\": [], \"services\": [], \"multistep\": [], \"operations\": [{\"map\": {\"id\": \"91805791-eb0d-4a9f-a997-bec52a57fef3\", \"root\": false, \"type\": \"map\", \"cached\": false, \"source\": \"/get-contact-contactIdAPIServerRequest/pathParams/sfdccontactid\", \"target\": \"/GetEnhancedContactServiceInput/contactId\", \"mapNull\": false, \"disabled\": false, \"extractXml\": false, \"extractJson\": false, \"targetOrder\": 1.0, \"mapEmptyString\": false, \"sourceJavaType\": \"java.lang.String\", \"targetJavaType\": \"java.lang.String\"}}]}",
    "null" : false
  },
  "output_config_json" : {
    "type" : "jsonb",
    "value" : "{\"crossRef\": [], \"services\": [], \"multistep\": [], \"operations\": [{\"map\": {\"id\": \"90570340-fcd8-47aa-85f7-a2752d84a138\", \"root\": true, \"type\": \"map\", \"cached\": false, \"source\": \"/GetEnhancedContactServiceOutput\", \"target\": \"/GetEnhancedContactServiceOutput\", \"mapNull\": false, \"disabled\": false, \"extractXml\": false, \"extractJson\": false, \"targetOrder\": 1.0, \"mapEmptyString\": false}}, {\"map\": {\"id\": \"e867d4d1-9954-4b01-8aa6-3dcb5ed56395\", \"root\": false, \"type\": \"map\", \"cached\": false, \"source\": \"/GetEnhancedContactServiceOutput/ResponseStatus\", \"target\": \"/status\", \"mapNull\": false, \"disabled\": false, \"extractXml\": false, \"extractJson\": false, \"targetOrder\": 1.0, \"mapEmptyString\": false, \"sourceJavaType\": \"java.lang.String\", \"targetJavaType\": \"java.lang.String\"}}, {\"map\": {\"id\": \"cea29d3e-efad-43ec-ac60-13e69e15593f\", \"root\": true, \"type\": \"map\", \"cached\": false, \"source\": \"/GetEnhancedContactServiceOutput/ResponseBody\", \"target\": \"/get-contact-contactIdAPIServerResponse/200\", \"mapNull\": false, \"disabled\": false, \"extractXml\": false, \"extractJson\": false, \"targetOrder\": 1.0, \"mapEmptyString\": false}}, {\"map\": {\"id\": \"fd2d99ba-5909-4680-817f-03d9943e4564\", \"root\": false, \"type\": \"setValue\", \"cached\": false, \"target\": \"/get-contact-contactIdAPIServerResponse/200/responseHeaders/Content-Type\", \"mapNull\": false, \"disabled\": false, \"extractXml\": false, \"extractJson\": false, \"targetOrder\": 27.0, \"targetValue\": \"application/json\", \"mapEmptyString\": false, \"targetJavaType\": \"java.lang.String\", \"variableSubstitution\": false}}]}",
    "null" : false
  },
  "component_id" : "756d919f-1b1f-4eab-9f44-2f7b5bbe175c",
  "service_id" : "078253e3-0443-4049-9093-b602c4126317",
  "endpoint_id" : null,
  "parent_component_config_id" : "6d828191-07f9-4cef-b130-d3d8e5c6f7a6",
  "component_config_order" : 0.5,
  "action_id" : "8e231fcc-71d0-43f6-9303-70dcb0ca6080",
  "name" : "Implement API",
  "description" : "",
  "override_endpoint" : false,
  "input_structure_json" : {
    "type" : "jsonb",
    "value" : "{\"maps\": [{\"/GetEnhancedContactServiceInput/contactId\": [{\"type\": \"map\", \"source\": {\"path\": \"/get-contact-contactIdAPIServerRequest/pathParams/sfdccontactid\", \"title\": \"sfdccontactid\", \"dataElementType\": \"string\"}, \"target\": {\"path\": \"/GetEnhancedContactServiceInput/contactId\", \"order\": 1, \"title\": \"contactId\", \"dataElementType\": \"string\"}, \"mapCondition\": {\"isConditionSet\": false, \"sourceTreeIndex\": [], \"targetTreeIndex\": [], \"mapConditionFormValue\": {}}}]}], \"mappedNodes\": [\"/GetEnhancedContactServiceOutputactionOut\", \"/GetEnhancedContactServiceOutputpipeOut\", \"/get-contact-contactIdAPIServerRequest/pathParams/sfdccontactid pipeIn\", \"/GetEnhancedContactServiceInput/contactId actionIn\", \"/GetEnhancedContactServiceOutput/ResponseStatus\", \"/statuspipeOut\", \"/GetEnhancedContactServiceOutput/ResponseBody\", \"/get-contact-contactIdAPIServerResponse/200pipeOut\", \"/get-contact-contactIdAPIServerResponse/200/responseHeaders/Content-TypepipeOut\", \"/get-contact-contactIdAPIServerResponse/200/responseHeaderspipeOut\", \"/get-contact-contactIdAPIServerResponse/200pipeOut\", \"/get-contact-contactIdAPIServerResponsepipeOut\"]}",
    "null" : false
  },
  "output_structure_json" : {
    "type" : "jsonb",
    "value" : "{\"maps\": [{\"/GetEnhancedContactServiceOutput\": [{\"type\": \"map\", \"source\": {\"path\": \"/GetEnhancedContactServiceOutput\", \"title\": \"GetEnhancedContactServiceOutput\", \"dataElementType\": \"document\"}, \"target\": {\"path\": \"/GetEnhancedContactServiceOutput\", \"order\": 1, \"title\": \"GetEnhancedContactServiceOutput\", \"dataElementType\": \"document\"}, \"mapCondition\": {\"isConditionSet\": false, \"sourceTreeIndex\": [], \"targetTreeIndex\": [], \"mapConditionFormValue\": {}}}]}, {\"/status\": [{\"type\": \"map\", \"source\": {\"path\": \"/GetEnhancedContactServiceOutput/ResponseStatus\", \"title\": \"ResponseStatus\", \"dataElementType\": \"string\"}, \"target\": {\"path\": \"/status\", \"order\": 1, \"title\": \"status\", \"dataElementType\": \"string\"}, \"mapCondition\": {\"isConditionSet\": false, \"sourceTreeIndex\": [], \"targetTreeIndex\": [], \"mapConditionFormValue\": {}}}]}, {\"/get-contact-contactIdAPIServerResponse/200\": [{\"type\": \"map\", \"source\": {\"path\": \"/GetEnhancedContactServiceOutput/ResponseBody\", \"title\": \"ResponseBody\", \"dataElementType\": \"document\"}, \"target\": {\"path\": \"/get-contact-contactIdAPIServerResponse/200\", \"order\": 1, \"title\": \"200\", \"dataElementType\": \"document\"}, \"mapCondition\": {\"isConditionSet\": false, \"sourceTreeIndex\": [], \"targetTreeIndex\": [], \"mapConditionFormValue\": {}}}]}, {\"/get-contact-contactIdAPIServerResponse/200/responseHeaders/Content-Type\": [{\"type\": \"setValue\", \"order\": 27, \"target\": {\"path\": \"/get-contact-contactIdAPIServerResponse/200/responseHeaders/Content-Type\", \"order\": 27, \"title\": \"Content-Type\", \"dataElementType\": \"string\"}, \"values\": [{\"id\": \"e5a80b91-a525-49e1-bd02-3aee46021f30\", \"key\": \"/get-contact-contactIdAPIServerResponse/200/responseHeaders/Content-Type\", \"type\": \"string\", \"order\": 27, \"title\": \"Content-Type\", \"isLeaf\": true, \"setValue\": null, \"uiElement\": \"application/json\", \"isSetValue\": false, \"childrenSet\": false, \"hasChildren\": false, \"dataElementType\": \"string\", \"encryption_required\": false}], \"mapCondition\": {\"isConditionSet\": false, \"sourceTreeIndex\": [], \"targetTreeIndex\": [], \"mapConditionFormValue\": {}}, \"dataElementType\": \"string\", \"variableSubstitution\": false, \"overwritePipelineValue\": false}]}], \"tracks\": {}, \"transformer\": []}",
    "null" : false
  },
  "endpoint_structure_json" : {
    "type" : "jsonb",
    "value" : "{\"maps\": []}",
    "null" : false
  },
  "is_error" : false,
  "no_of_errors" : 0,
  "action_input_type" : null,
  "config_service_id" : "a4583d49-4238-4463-b10b-f29fe7bf1a8c",
  "config_imap_id" : null,
  "config_b2b_document_type_id" : null,
  "config_document_id" : null,
  "add_variables" : {
    "type" : "jsonb",
    "value" : "[]",
    "null" : false
  },
  "drop_variables" : {
    "type" : "jsonb",
    "value" : "[]",
    "null" : false
  },
  "plug_input_structure" : null,
  "plug_output_structure" : null,
  "config_plug_id" : null,
  "override_plug" : false,
  "config_java_service_id" : null,
  "service_tag" : "V3",
  "endpoint_tag" : null,
  "config_service_tag" : "EMPTY",
  "config_imap_tag" : "",
  "config_b2b_document_type_tag" : "",
  "active" : false,
  "parent_component_config_service_tag" : "V3",
  "service_project_id" : "9637deb1-c20b-4883-89fe-94ddeddc185c",
  "service_project_tag" : "V3",
  "config_service_project_id" : "9637deb1-c20b-4883-89fe-94ddeddc185c",
  "config_service_project_tag" : "EMPTY",
  "config_imap_project_id" : null,
  "config_imap_project_tag" : "",
  "config_b2b_document_type_project_id" : null,
  "config_b2b_document_type_project_tag" : "",
  "endpoint_project_id" : null,
  "endpoint_project_tag" : null,
  "config_plug_tag" : null,
  "config_plug_project_id" : null,
  "config_plug_project_tag" : null,
  "config_java_service_tag" : "",
  "config_java_service_project_id" : null,
  "config_java_service_project_tag" : "",
  "disabled" : false,
  "config" : {
    "type" : "json",
    "value" : "{\"serviceProjectName\":\"EnhancedContactAPI\"}",
    "null" : false
  },
  "config_b2b_document_type_project_mode_id" : "112c1cb8-4b9e-4d1a-a042-0bd031dc7d05",
  "config_imap_project_mode_id" : "112c1cb8-4b9e-4d1a-a042-0bd031dc7d05",
  "config_java_service_project_mode_id" : "112c1cb8-4b9e-4d1a-a042-0bd031dc7d05",
  "config_plug_project_mode_id" : "112c1cb8-4b9e-4d1a-a042-0bd031dc7d05",
  "config_service_project_mode_id" : "112c1cb8-4b9e-4d1a-a042-0bd031dc7d05",
  "endpoint_project_mode_id" : "112c1cb8-4b9e-4d1a-a042-0bd031dc7d05",
  "service_project_mode_id" : "112c1cb8-4b9e-4d1a-a042-0bd031dc7d05",
  "parent_component_config_service_project_mode_id" : "112c1cb8-4b9e-4d1a-a042-0bd031dc7d05",
  "is_audit" : true,
  "keys_with_order" : null
}