{
  "component_config_id" : "ec7f2b0d-b28a-4fa5-9fa4-9464b8c39e5e",
  "endpoint_config_json" : null,
  "input_config_json" : null,
  "output_config_json" : null,
  "component_id" : "16b1a61f-f379-4811-be9d-0d91c39547d3",
  "service_id" : "078253e3-0443-4049-9093-b602c4126317",
  "endpoint_id" : null,
  "parent_component_config_id" : null,
  "component_config_order" : 1.0,
  "action_id" : "09d57e63-9b50-4771-98e2-8fc07cb8bcd5",
  "name" : "API Request",
  "description" : null,
  "override_endpoint" : false,
  "input_structure_json" : null,
  "output_structure_json" : null,
  "endpoint_structure_json" : null,
  "is_error" : false,
  "no_of_errors" : null,
  "action_input_type" : null,
  "config_service_id" : null,
  "config_imap_id" : null,
  "config_b2b_document_type_id" : null,
  "config_document_id" : null,
  "add_variables" : null,
  "drop_variables" : null,
  "plug_input_structure" : null,
  "plug_output_structure" : {
    "type" : "jsonb",
    "value" : "[{\"key\": \"/get-contact-contactIdAPIServerRequest\", \"type\": \"object\", \"order\": 1.0, \"title\": \"get-contact-contactIdAPIServerRequest\", \"value\": {\"type\": \"object\"}, \"children\": [{\"id\": \"ec7f2b0d-b28a-4fa5-9fa4-9464b8c39e5e\", \"key\": \"/get-contact-contactIdAPIServerRequest/pathParams\", \"order\": 0.0, \"title\": \"pathParams\", \"value\": {\"type\": \"object\"}, \"isLeaf\": false, \"children\": [{\"id\": \"ec7f2b0d-b28a-4fa5-9fa4-9464b8c39e5e\", \"key\": \"/get-contact-contactIdAPIServerRequest/pathParams/sfdccontactid\", \"title\": \"sfdccontactid\", \"value\": {\"type\": \"string\", \"requiredFlag\": true}, \"isLeaf\": true, \"entityType\": \"componentConfig\", \"childrenSet\": false, \"hasChildren\": false, \"dataElementType\": \"string\", \"encryption_required\": false}], \"entityType\": \"componentConfig\", \"childrenSet\": false, \"hasChildren\": true, \"dataElementType\": \"document\", \"encryption_required\": false}, {\"id\": \"ec7f2b0d-b28a-4fa5-9fa4-9464b8c39e5e\", \"key\": \"/get-contact-contactIdAPIServerRequest/queryParams\", \"order\": 1.0, \"title\": \"queryParams\", \"value\": {\"type\": \"object\"}, \"isLeaf\": false, \"children\": [], \"entityType\": \"componentConfig\", \"childrenSet\": false, \"hasChildren\": true, \"dataElementType\": \"document\", \"encryption_required\": false}, {\"id\": \"ec7f2b0d-b28a-4fa5-9fa4-9464b8c39e5e\", \"key\": \"/get-contact-contactIdAPIServerRequest/headers\", \"order\": 2.0, \"title\": \"headers\", \"value\": {\"type\": \"object\"}, \"isLeaf\": false, \"children\": [], \"entityType\": \"componentConfig\", \"childrenSet\": false, \"hasChildren\": true, \"dataElementType\": \"document\", \"encryption_required\": false}], \"entityType\": \"componentConfig\", \"childrenSet\": false, \"hasChildren\": false, \"dataElementType\": \"document\", \"encryption_required\": false}, {\"key\": \"/get-contact-contactIdAPIServerResponse\", \"type\": \"object\", \"order\": 1.0, \"title\": \"get-contact-contactIdAPIServerResponse\", \"value\": {\"type\": \"object\"}, \"children\": [{\"key\": \"/get-contact-contactIdAPIServerResponse/200\", \"type\": \"object\", \"order\": 1.0, \"title\": \"200\", \"value\": {\"type\": \"object\"}, \"children\": [{\"id\": \"ec7f2b0d-b28a-4fa5-9fa4-9464b8c39e5e\", \"key\": \"/get-contact-contactIdAPIServerResponse/200/contact\", \"type\": \"object\", \"order\": 1.0, \"title\": \"contact\", \"value\": {\"type\": \"object\", \"requiredFlag\": false}, \"isLeaf\": false, \"children\": [{\"id\": \"ec7f2b0d-b28a-4fa5-9fa4-9464b8c39e5e\", \"key\": \"/get-contact-contactIdAPIServerResponse/200/contact/name\", \"type\": \"string\", \"order\": 2.0, \"title\": \"name\", \"value\": {\"type\": \"string\", \"requiredFlag\": false}, \"isLeaf\": true, \"entityType\": \"componentConfig\", \"childrenSet\": false, \"hasChildren\": false, \"dataElementType\": \"string\", \"encryption_required\": false}, {\"id\": \"ec7f2b0d-b28a-4fa5-9fa4-9464b8c39e5e\", \"key\": \"/get-contact-contactIdAPIServerResponse/200/contact/title\", \"type\": \"string\", \"order\": 3.0, \"title\": \"title\", \"value\": {\"type\": \"string\", \"requiredFlag\": false}, \"isLeaf\": true, \"entityType\": \"componentConfig\", \"childrenSet\": false, \"hasChildren\": false, \"dataElementType\": \"string\", \"encryption_required\": false}, {\"id\": \"ec7f2b0d-b28a-4fa5-9fa4-9464b8c39e5e\", \"key\": \"/get-contact-contactIdAPIServerResponse/200/contact/company\", \"type\": \"string\", \"order\": 4.0, \"title\": \"company\", \"value\": {\"type\": \"string\", \"requiredFlag\": false}, \"isLeaf\": true, \"entityType\": \"componentConfig\", \"childrenSet\": false, \"hasChildren\": false, \"dataElementType\": \"string\", \"encryption_required\": false}, {\"id\": \"ec7f2b0d-b28a-4fa5-9fa4-9464b8c39e5e\", \"key\": \"/get-contact-contactIdAPIServerResponse/200/contact/industry\", \"type\": \"string\", \"order\": 5.0, \"title\": \"industry\", \"value\": {\"type\": \"string\", \"requiredFlag\": false}, \"isLeaf\": true, \"entityType\": \"componentConfig\", \"childrenSet\": false, \"hasChildren\": false, \"dataElementType\": \"string\", \"encryption_required\": false}, {\"id\": \"ec7f2b0d-b28a-4fa5-9fa4-9464b8c39e5e\", \"key\": \"/get-contact-contactIdAPIServerResponse/200/contact/email\", \"type\": \"string\", \"order\": 6.0, \"title\": \"email\", \"value\": {\"type\": \"string\", \"requiredFlag\": false}, \"isLeaf\": true, \"entityType\": \"componentConfig\", \"childrenSet\": false, \"hasChildren\": false, \"dataElementType\": \"string\", \"encryption_required\": false}, {\"id\": \"ec7f2b0d-b28a-4fa5-9fa4-9464b8c39e5e\", \"key\": \"/get-contact-contactIdAPIServerResponse/200/contact/phone\", \"type\": \"string\", \"order\": 7.0, \"title\": \"phone\", \"value\": {\"type\": \"string\", \"requiredFlag\": false}, \"isLeaf\": true, \"entityType\": \"componentConfig\", \"childrenSet\": false, \"hasChildren\": false, \"dataElementType\": \"string\", \"encryption_required\": false}], \"entityType\": \"componentConfig\", \"childrenSet\": false, \"hasChildren\": false, \"dataElementType\": \"document\", \"encryption_required\": false}, {\"id\": \"ec7f2b0d-b28a-4fa5-9fa4-9464b8c39e5e\", \"key\": \"/get-contact-contactIdAPIServerResponse/200/insights\", \"type\": \"object\", \"order\": 8.0, \"title\": \"insights\", \"value\": {\"type\": \"object\", \"requiredFlag\": false}, \"isLeaf\": false, \"children\": [{\"id\": \"ec7f2b0d-b28a-4fa5-9fa4-9464b8c39e5e\", \"key\": \"/get-contact-contactIdAPIServerResponse/200/insights/personalized_outreach\", \"type\": \"string\", \"order\": 9.0, \"title\": \"personalized_outreach\", \"value\": {\"type\": \"string\", \"requiredFlag\": false}, \"isLeaf\": true, \"entityType\": \"componentConfig\", \"childrenSet\": false, \"hasChildren\": false, \"dataElementType\": \"string\", \"encryption_required\": false}, {\"id\": \"ec7f2b0d-b28a-4fa5-9fa4-9464b8c39e5e\", \"key\": \"/get-contact-contactIdAPIServerResponse/200/insights/industry_summary\", \"type\": \"string\", \"order\": 10.0, \"title\": \"industry_summary\", \"value\": {\"type\": \"string\", \"requiredFlag\": false}, \"isLeaf\": true, \"entityType\": \"componentConfig\", \"childrenSet\": false, \"hasChildren\": false, \"dataElementType\": \"string\", \"encryption_required\": false}, {\"id\": \"ec7f2b0d-b28a-4fa5-9fa4-9464b8c39e5e\", \"key\": \"/get-contact-contactIdAPIServerResponse/200/insights/talking_points[]\", \"type\": \"array\", \"order\": 11.0, \"title\": \"talking_points\", \"value\": {\"type\": \"array\", \"requiredFlag\": false}, \"isLeaf\": false, \"entityType\": \"componentConfig\", \"childrenSet\": false, \"hasChildren\": false, \"dataElementType\": \"stringArray\", \"encryption_required\": false}, {\"id\": \"ec7f2b0d-b28a-4fa5-9fa4-9464b8c39e5e\", \"key\": \"/get-contact-contactIdAPIServerResponse/200/insights/sentiment_score\", \"type\": \"number\", \"order\": 12.0, \"title\": \"sentiment_score\", \"value\": {\"type\": \"number\", \"requiredFlag\": false}, \"isLeaf\": true, \"entityType\": \"componentConfig\", \"childrenSet\": false, \"hasChildren\": false, \"dataElementType\": \"number\", \"encryption_required\": false}, {\"id\": \"ec7f2b0d-b28a-4fa5-9fa4-9464b8c39e5e\", \"key\": \"/get-contact-contactIdAPIServerResponse/200/insights/churn_risk\", \"type\": \"string\", \"order\": 13.0, \"title\": \"churn_risk\", \"value\": {\"type\": \"string\", \"requiredFlag\": false}, \"isLeaf\": true, \"entityType\": \"componentConfig\", \"childrenSet\": false, \"hasChildren\": false, \"dataElementType\": \"string\", \"encryption_required\": false}], \"entityType\": \"componentConfig\", \"childrenSet\": false, \"hasChildren\": false, \"dataElementType\": \"document\", \"encryption_required\": false}, {\"id\": \"ec7f2b0d-b28a-4fa5-9fa4-9464b8c39e5e\", \"key\": \"/get-contact-contactIdAPIServerResponse/200/recommendations\", \"type\": \"object\", \"order\": 14.0, \"title\": \"recommendations\", \"value\": {\"type\": \"object\", \"requiredFlag\": false}, \"isLeaf\": false, \"children\": [{\"id\": \"ec7f2b0d-b28a-4fa5-9fa4-9464b8c39e5e\", \"key\": \"/get-contact-contactIdAPIServerResponse/200/recommendations/next_steps[]\", \"type\": \"array\", \"order\": 15.0, \"title\": \"next_steps\", \"value\": {\"type\": \"array\", \"requiredFlag\": false}, \"isLeaf\": false, \"entityType\": \"componentConfig\", \"childrenSet\": false, \"hasChildren\": false, \"dataElementType\": \"stringArray\", \"encryption_required\": false}], \"entityType\": \"componentConfig\", \"childrenSet\": false, \"hasChildren\": false, \"dataElementType\": \"document\", \"encryption_required\": false}, {\"id\": \"ec7f2b0d-b28a-4fa5-9fa4-9464b8c39e5e\", \"key\": \"/get-contact-contactIdAPIServerResponse/200/responseHeaders\", \"type\": \"object\", \"order\": 16.0, \"title\": \"responseHeaders\", \"value\": {\"type\": \"object\", \"requiredFlag\": false}, \"isLeaf\": false, \"children\": [{\"id\": \"ec7f2b0d-b28a-4fa5-9fa4-9464b8c39e5e\", \"key\": \"/get-contact-contactIdAPIServerResponse/200/responseHeaders/Transfer-Encoding\", \"type\": \"string\", \"order\": 17.0, \"title\": \"Transfer-Encoding\", \"value\": {\"type\": \"string\", \"requiredFlag\": false}, \"isLeaf\": true, \"entityType\": \"componentConfig\", \"childrenSet\": false, \"hasChildren\": false, \"dataElementType\": \"string\", \"encryption_required\": false}, {\"id\": \"ec7f2b0d-b28a-4fa5-9fa4-9464b8c39e5e\", \"key\": \"/get-contact-contactIdAPIServerResponse/200/responseHeaders/Retry-After\", \"type\": \"string\", \"order\": 18.0, \"title\": \"Retry-After\", \"value\": {\"type\": \"string\", \"requiredFlag\": false}, \"isLeaf\": true, \"entityType\": \"componentConfig\", \"childrenSet\": false, \"hasChildren\": false, \"dataElementType\": \"string\", \"encryption_required\": false}, {\"id\": \"ec7f2b0d-b28a-4fa5-9fa4-9464b8c39e5e\", \"key\": \"/get-contact-contactIdAPIServerResponse/200/responseHeaders/Access-Control-Allow-Origin\", \"type\": \"string\", \"order\": 19.0, \"title\": \"Access-Control-Allow-Origin\", \"value\": {\"type\": \"string\", \"requiredFlag\": false}, \"isLeaf\": true, \"entityType\": \"componentConfig\", \"childrenSet\": false, \"hasChildren\": false, \"dataElementType\": \"string\", \"encryption_required\": false}, {\"id\": \"ec7f2b0d-b28a-4fa5-9fa4-9464b8c39e5e\", \"key\": \"/get-contact-contactIdAPIServerResponse/200/responseHeaders/ETag\", \"type\": \"string\", \"order\": 20.0, \"title\": \"ETag\", \"value\": {\"type\": \"string\", \"requiredFlag\": false}, \"isLeaf\": true, \"entityType\": \"componentConfig\", \"childrenSet\": false, \"hasChildren\": false, \"dataElementType\": \"string\", \"encryption_required\": false}, {\"id\": \"ec7f2b0d-b28a-4fa5-9fa4-9464b8c39e5e\", \"key\": \"/get-contact-contactIdAPIServerResponse/200/responseHeaders/Content-Encoding\", \"type\": \"string\", \"order\": 21.0, \"title\": \"Content-Encoding\", \"value\": {\"type\": \"string\", \"requiredFlag\": false}, \"isLeaf\": true, \"entityType\": \"componentConfig\", \"childrenSet\": false, \"hasChildren\": false, \"dataElementType\": \"string\", \"encryption_required\": false}, {\"id\": \"ec7f2b0d-b28a-4fa5-9fa4-9464b8c39e5e\", \"key\": \"/get-contact-contactIdAPIServerResponse/200/responseHeaders/Set-Cookie\", \"type\": \"string\", \"order\": 22.0, \"title\": \"Set-Cookie\", \"value\": {\"type\": \"string\", \"requiredFlag\": false}, \"isLeaf\": true, \"entityType\": \"componentConfig\", \"childrenSet\": false, \"hasChildren\": false, \"dataElementType\": \"string\", \"encryption_required\": false}, {\"id\": \"ec7f2b0d-b28a-4fa5-9fa4-9464b8c39e5e\", \"key\": \"/get-contact-contactIdAPIServerResponse/200/responseHeaders/Expires\", \"type\": \"string\", \"order\": 23.0, \"title\": \"Expires\", \"value\": {\"type\": \"string\", \"requiredFlag\": false}, \"isLeaf\": true, \"entityType\": \"componentConfig\", \"childrenSet\": false, \"hasChildren\": false, \"dataElementType\": \"string\", \"encryption_required\": false}, {\"id\": \"ec7f2b0d-b28a-4fa5-9fa4-9464b8c39e5e\", \"key\": \"/get-contact-contactIdAPIServerResponse/200/responseHeaders/Last-Modified\", \"type\": \"string\", \"order\": 24.0, \"title\": \"Last-Modified\", \"value\": {\"type\": \"string\", \"requiredFlag\": false}, \"isLeaf\": true, \"entityType\": \"componentConfig\", \"childrenSet\": false, \"hasChildren\": false, \"dataElementType\": \"string\", \"encryption_required\": false}, {\"id\": \"ec7f2b0d-b28a-4fa5-9fa4-9464b8c39e5e\", \"key\": \"/get-contact-contactIdAPIServerResponse/200/responseHeaders/Content-Language\", \"type\": \"string\", \"order\": 25.0, \"title\": \"Content-Language\", \"value\": {\"type\": \"string\", \"requiredFlag\": false}, \"isLeaf\": true, \"entityType\": \"componentConfig\", \"childrenSet\": false, \"hasChildren\": false, \"dataElementType\": \"string\", \"encryption_required\": false}, {\"id\": \"ec7f2b0d-b28a-4fa5-9fa4-9464b8c39e5e\", \"key\": \"/get-contact-contactIdAPIServerResponse/200/responseHeaders/Allow\", \"type\": \"string\", \"order\": 26.0, \"title\": \"Allow\", \"value\": {\"type\": \"string\", \"requiredFlag\": false}, \"isLeaf\": true, \"entityType\": \"componentConfig\", \"childrenSet\": false, \"hasChildren\": false, \"dataElementType\": \"string\", \"encryption_required\": false}, {\"id\": \"ec7f2b0d-b28a-4fa5-9fa4-9464b8c39e5e\", \"key\": \"/get-contact-contactIdAPIServerResponse/200/responseHeaders/Content-Type\", \"type\": \"string\", \"order\": 27.0, \"title\": \"Content-Type\", \"value\": {\"type\": \"string\", \"requiredFlag\": false}, \"isLeaf\": true, \"entityType\": \"componentConfig\", \"childrenSet\": false, \"hasChildren\": false, \"dataElementType\": \"string\", \"encryption_required\": false}, {\"id\": \"ec7f2b0d-b28a-4fa5-9fa4-9464b8c39e5e\", \"key\": \"/get-contact-contactIdAPIServerResponse/200/responseHeaders/Location\", \"type\": \"string\", \"order\": 28.0, \"title\": \"Location\", \"value\": {\"type\": \"string\", \"requiredFlag\": false}, \"isLeaf\": true, \"entityType\": \"componentConfig\", \"childrenSet\": false, \"hasChildren\": false, \"dataElementType\": \"string\", \"encryption_required\": false}], \"entityType\": \"componentConfig\", \"childrenSet\": false, \"hasChildren\": false, \"dataElementType\": \"document\", \"encryption_required\": false}], \"entityType\": \"componentConfig\", \"childrenSet\": false, \"hasChildren\": false, \"dataElementType\": \"document\", \"encryption_required\": false}, {\"key\": \"/get-contact-contactIdAPIServerResponse/404\", \"type\": \"object\", \"order\": 1.0, \"title\": \"404\", \"value\": {\"type\": \"object\"}, \"children\": [{\"id\": \"ec7f2b0d-b28a-4fa5-9fa4-9464b8c39e5e\", \"key\": \"/get-contact-contactIdAPIServerResponse/404/responseHeaders\", \"type\": \"object\", \"order\": 1.0, \"title\": \"responseHeaders\", \"value\": {\"type\": \"object\", \"requiredFlag\": false}, \"isLeaf\": false, \"children\": [{\"id\": \"ec7f2b0d-b28a-4fa5-9fa4-9464b8c39e5e\", \"key\": \"/get-contact-contactIdAPIServerResponse/404/responseHeaders/Transfer-Encoding\", \"type\": \"string\", \"order\": 2.0, \"title\": \"Transfer-Encoding\", \"value\": {\"type\": \"string\", \"requiredFlag\": false}, \"isLeaf\": true, \"entityType\": \"componentConfig\", \"childrenSet\": false, \"hasChildren\": false, \"dataElementType\": \"string\", \"encryption_required\": false}, {\"id\": \"ec7f2b0d-b28a-4fa5-9fa4-9464b8c39e5e\", \"key\": \"/get-contact-contactIdAPIServerResponse/404/responseHeaders/Retry-After\", \"type\": \"string\", \"order\": 3.0, \"title\": \"Retry-After\", \"value\": {\"type\": \"string\", \"requiredFlag\": false}, \"isLeaf\": true, \"entityType\": \"componentConfig\", \"childrenSet\": false, \"hasChildren\": false, \"dataElementType\": \"string\", \"encryption_required\": false}, {\"id\": \"ec7f2b0d-b28a-4fa5-9fa4-9464b8c39e5e\", \"key\": \"/get-contact-contactIdAPIServerResponse/404/responseHeaders/Access-Control-Allow-Origin\", \"type\": \"string\", \"order\": 4.0, \"title\": \"Access-Control-Allow-Origin\", \"value\": {\"type\": \"string\", \"requiredFlag\": false}, \"isLeaf\": true, \"entityType\": \"componentConfig\", \"childrenSet\": false, \"hasChildren\": false, \"dataElementType\": \"string\", \"encryption_required\": false}, {\"id\": \"ec7f2b0d-b28a-4fa5-9fa4-9464b8c39e5e\", \"key\": \"/get-contact-contactIdAPIServerResponse/404/responseHeaders/ETag\", \"type\": \"string\", \"order\": 5.0, \"title\": \"ETag\", \"value\": {\"type\": \"string\", \"requiredFlag\": false}, \"isLeaf\": true, \"entityType\": \"componentConfig\", \"childrenSet\": false, \"hasChildren\": false, \"dataElementType\": \"string\", \"encryption_required\": false}, {\"id\": \"ec7f2b0d-b28a-4fa5-9fa4-9464b8c39e5e\", \"key\": \"/get-contact-contactIdAPIServerResponse/404/responseHeaders/Content-Encoding\", \"type\": \"string\", \"order\": 6.0, \"title\": \"Content-Encoding\", \"value\": {\"type\": \"string\", \"requiredFlag\": false}, \"isLeaf\": true, \"entityType\": \"componentConfig\", \"childrenSet\": false, \"hasChildren\": false, \"dataElementType\": \"string\", \"encryption_required\": false}, {\"id\": \"ec7f2b0d-b28a-4fa5-9fa4-9464b8c39e5e\", \"key\": \"/get-contact-contactIdAPIServerResponse/404/responseHeaders/Set-Cookie\", \"type\": \"string\", \"order\": 7.0, \"title\": \"Set-Cookie\", \"value\": {\"type\": \"string\", \"requiredFlag\": false}, \"isLeaf\": true, \"entityType\": \"componentConfig\", \"childrenSet\": false, \"hasChildren\": false, \"dataElementType\": \"string\", \"encryption_required\": false}, {\"id\": \"ec7f2b0d-b28a-4fa5-9fa4-9464b8c39e5e\", \"key\": \"/get-contact-contactIdAPIServerResponse/404/responseHeaders/Expires\", \"type\": \"string\", \"order\": 8.0, \"title\": \"Expires\", \"value\": {\"type\": \"string\", \"requiredFlag\": false}, \"isLeaf\": true, \"entityType\": \"componentConfig\", \"childrenSet\": false, \"hasChildren\": false, \"dataElementType\": \"string\", \"encryption_required\": false}, {\"id\": \"ec7f2b0d-b28a-4fa5-9fa4-9464b8c39e5e\", \"key\": \"/get-contact-contactIdAPIServerResponse/404/responseHeaders/Last-Modified\", \"type\": \"string\", \"order\": 9.0, \"title\": \"Last-Modified\", \"value\": {\"type\": \"string\", \"requiredFlag\": false}, \"isLeaf\": true, \"entityType\": \"componentConfig\", \"childrenSet\": false, \"hasChildren\": false, \"dataElementType\": \"string\", \"encryption_required\": false}, {\"id\": \"ec7f2b0d-b28a-4fa5-9fa4-9464b8c39e5e\", \"key\": \"/get-contact-contactIdAPIServerResponse/404/responseHeaders/Content-Language\", \"type\": \"string\", \"order\": 10.0, \"title\": \"Content-Language\", \"value\": {\"type\": \"string\", \"requiredFlag\": false}, \"isLeaf\": true, \"entityType\": \"componentConfig\", \"childrenSet\": false, \"hasChildren\": false, \"dataElementType\": \"string\", \"encryption_required\": false}, {\"id\": \"ec7f2b0d-b28a-4fa5-9fa4-9464b8c39e5e\", \"key\": \"/get-contact-contactIdAPIServerResponse/404/responseHeaders/Allow\", \"type\": \"string\", \"order\": 11.0, \"title\": \"Allow\", \"value\": {\"type\": \"string\", \"requiredFlag\": false}, \"isLeaf\": true, \"entityType\": \"componentConfig\", \"childrenSet\": false, \"hasChildren\": false, \"dataElementType\": \"string\", \"encryption_required\": false}, {\"id\": \"ec7f2b0d-b28a-4fa5-9fa4-9464b8c39e5e\", \"key\": \"/get-contact-contactIdAPIServerResponse/404/responseHeaders/Content-Type\", \"type\": \"string\", \"order\": 12.0, \"title\": \"Content-Type\", \"value\": {\"type\": \"string\", \"requiredFlag\": false}, \"isLeaf\": true, \"entityType\": \"componentConfig\", \"childrenSet\": false, \"hasChildren\": false, \"dataElementType\": \"string\", \"encryption_required\": false}, {\"id\": \"ec7f2b0d-b28a-4fa5-9fa4-9464b8c39e5e\", \"key\": \"/get-contact-contactIdAPIServerResponse/404/responseHeaders/Location\", \"type\": \"string\", \"order\": 13.0, \"title\": \"Location\", \"value\": {\"type\": \"string\", \"requiredFlag\": false}, \"isLeaf\": true, \"entityType\": \"componentConfig\", \"childrenSet\": false, \"hasChildren\": false, \"dataElementType\": \"string\", \"encryption_required\": false}], \"entityType\": \"componentConfig\", \"childrenSet\": false, \"hasChildren\": false, \"dataElementType\": \"document\", \"encryption_required\": false}], \"entityType\": \"componentConfig\", \"childrenSet\": false, \"hasChildren\": false, \"dataElementType\": \"document\", \"encryption_required\": false}, {\"key\": \"/get-contact-contactIdAPIServerResponse/default\", \"type\": \"object\", \"order\": 1.0, \"title\": \"default\", \"value\": {\"type\": \"object\"}, \"children\": [{\"id\": \"ec7f2b0d-b28a-4fa5-9fa4-9464b8c39e5e\", \"key\": \"/get-contact-contactIdAPIServerResponse/default/responseHeaders\", \"type\": \"object\", \"order\": 1.0, \"title\": \"responseHeaders\", \"value\": {\"type\": \"object\", \"requiredFlag\": false}, \"isLeaf\": false, \"children\": [{\"id\": \"ec7f2b0d-b28a-4fa5-9fa4-9464b8c39e5e\", \"key\": \"/get-contact-contactIdAPIServerResponse/default/responseHeaders/Transfer-Encoding\", \"type\": \"string\", \"order\": 2.0, \"title\": \"Transfer-Encoding\", \"value\": {\"type\": \"string\", \"requiredFlag\": false}, \"isLeaf\": true, \"entityType\": \"componentConfig\", \"childrenSet\": false, \"hasChildren\": false, \"dataElementType\": \"string\", \"encryption_required\": false}, {\"id\": \"ec7f2b0d-b28a-4fa5-9fa4-9464b8c39e5e\", \"key\": \"/get-contact-contactIdAPIServerResponse/default/responseHeaders/Retry-After\", \"type\": \"string\", \"order\": 3.0, \"title\": \"Retry-After\", \"value\": {\"type\": \"string\", \"requiredFlag\": false}, \"isLeaf\": true, \"entityType\": \"componentConfig\", \"childrenSet\": false, \"hasChildren\": false, \"dataElementType\": \"string\", \"encryption_required\": false}, {\"id\": \"ec7f2b0d-b28a-4fa5-9fa4-9464b8c39e5e\", \"key\": \"/get-contact-contactIdAPIServerResponse/default/responseHeaders/Access-Control-Allow-Origin\", \"type\": \"string\", \"order\": 4.0, \"title\": \"Access-Control-Allow-Origin\", \"value\": {\"type\": \"string\", \"requiredFlag\": false}, \"isLeaf\": true, \"entityType\": \"componentConfig\", \"childrenSet\": false, \"hasChildren\": false, \"dataElementType\": \"string\", \"encryption_required\": false}, {\"id\": \"ec7f2b0d-b28a-4fa5-9fa4-9464b8c39e5e\", \"key\": \"/get-contact-contactIdAPIServerResponse/default/responseHeaders/ETag\", \"type\": \"string\", \"order\": 5.0, \"title\": \"ETag\", \"value\": {\"type\": \"string\", \"requiredFlag\": false}, \"isLeaf\": true, \"entityType\": \"componentConfig\", \"childrenSet\": false, \"hasChildren\": false, \"dataElementType\": \"string\", \"encryption_required\": false}, {\"id\": \"ec7f2b0d-b28a-4fa5-9fa4-9464b8c39e5e\", \"key\": \"/get-contact-contactIdAPIServerResponse/default/responseHeaders/Content-Encoding\", \"type\": \"string\", \"order\": 6.0, \"title\": \"Content-Encoding\", \"value\": {\"type\": \"string\", \"requiredFlag\": false}, \"isLeaf\": true, \"entityType\": \"componentConfig\", \"childrenSet\": false, \"hasChildren\": false, \"dataElementType\": \"string\", \"encryption_required\": false}, {\"id\": \"ec7f2b0d-b28a-4fa5-9fa4-9464b8c39e5e\", \"key\": \"/get-contact-contactIdAPIServerResponse/default/responseHeaders/Set-Cookie\", \"type\": \"string\", \"order\": 7.0, \"title\": \"Set-Cookie\", \"value\": {\"type\": \"string\", \"requiredFlag\": false}, \"isLeaf\": true, \"entityType\": \"componentConfig\", \"childrenSet\": false, \"hasChildren\": false, \"dataElementType\": \"string\", \"encryption_required\": false}, {\"id\": \"ec7f2b0d-b28a-4fa5-9fa4-9464b8c39e5e\", \"key\": \"/get-contact-contactIdAPIServerResponse/default/responseHeaders/Expires\", \"type\": \"string\", \"order\": 8.0, \"title\": \"Expires\", \"value\": {\"type\": \"string\", \"requiredFlag\": false}, \"isLeaf\": true, \"entityType\": \"componentConfig\", \"childrenSet\": false, \"hasChildren\": false, \"dataElementType\": \"string\", \"encryption_required\": false}, {\"id\": \"ec7f2b0d-b28a-4fa5-9fa4-9464b8c39e5e\", \"key\": \"/get-contact-contactIdAPIServerResponse/default/responseHeaders/Last-Modified\", \"type\": \"string\", \"order\": 9.0, \"title\": \"Last-Modified\", \"value\": {\"type\": \"string\", \"requiredFlag\": false}, \"isLeaf\": true, \"entityType\": \"componentConfig\", \"childrenSet\": false, \"hasChildren\": false, \"dataElementType\": \"string\", \"encryption_required\": false}, {\"id\": \"ec7f2b0d-b28a-4fa5-9fa4-9464b8c39e5e\", \"key\": \"/get-contact-contactIdAPIServerResponse/default/responseHeaders/Content-Language\", \"type\": \"string\", \"order\": 10.0, \"title\": \"Content-Language\", \"value\": {\"type\": \"string\", \"requiredFlag\": false}, \"isLeaf\": true, \"entityType\": \"componentConfig\", \"childrenSet\": false, \"hasChildren\": false, \"dataElementType\": \"string\", \"encryption_required\": false}, {\"id\": \"ec7f2b0d-b28a-4fa5-9fa4-9464b8c39e5e\", \"key\": \"/get-contact-contactIdAPIServerResponse/default/responseHeaders/Allow\", \"type\": \"string\", \"order\": 11.0, \"title\": \"Allow\", \"value\": {\"type\": \"string\", \"requiredFlag\": false}, \"isLeaf\": true, \"entityType\": \"componentConfig\", \"childrenSet\": false, \"hasChildren\": false, \"dataElementType\": \"string\", \"encryption_required\": false}, {\"id\": \"ec7f2b0d-b28a-4fa5-9fa4-9464b8c39e5e\", \"key\": \"/get-contact-contactIdAPIServerResponse/default/responseHeaders/Content-Type\", \"type\": \"string\", \"order\": 12.0, \"title\": \"Content-Type\", \"value\": {\"type\": \"string\", \"requiredFlag\": false}, \"isLeaf\": true, \"entityType\": \"componentConfig\", \"childrenSet\": false, \"hasChildren\": false, \"dataElementType\": \"string\", \"encryption_required\": false}, {\"id\": \"ec7f2b0d-b28a-4fa5-9fa4-9464b8c39e5e\", \"key\": \"/get-contact-contactIdAPIServerResponse/default/responseHeaders/Location\", \"type\": \"string\", \"order\": 13.0, \"title\": \"Location\", \"value\": {\"type\": \"string\", \"requiredFlag\": false}, \"isLeaf\": true, \"entityType\": \"componentConfig\", \"childrenSet\": false, \"hasChildren\": false, \"dataElementType\": \"string\", \"encryption_required\": false}], \"entityType\": \"componentConfig\", \"childrenSet\": false, \"hasChildren\": false, \"dataElementType\": \"document\", \"encryption_required\": false}, {\"id\": \"ec7f2b0d-b28a-4fa5-9fa4-9464b8c39e5e\", \"key\": \"/get-contact-contactIdAPIServerResponse/default/content\", \"type\": \"object\", \"order\": 14.0, \"title\": \"content\", \"value\": {\"type\": \"object\", \"requiredFlag\": false}, \"isLeaf\": false, \"entityType\": \"componentConfig\", \"childrenSet\": false, \"hasChildren\": false, \"dataElementType\": \"object\", \"encryption_required\": false}], \"entityType\": \"componentConfig\", \"childrenSet\": false, \"hasChildren\": false, \"dataElementType\": \"document\", \"encryption_required\": false}], \"entityType\": \"componentConfig\", \"childrenSet\": false, \"hasChildren\": false, \"dataElementType\": \"document\", \"encryption_required\": false}]",
    "null" : false
  },
  "config_plug_id" : null,
  "override_plug" : false,
  "config_java_service_id" : null,
  "service_tag" : "V4",
  "endpoint_tag" : null,
  "config_service_tag" : null,
  "config_imap_tag" : null,
  "config_b2b_document_type_tag" : null,
  "active" : false,
  "parent_component_config_service_tag" : "V4",
  "service_project_id" : "9637deb1-c20b-4883-89fe-94ddeddc185c",
  "service_project_tag" : "V4",
  "config_service_project_id" : null,
  "config_service_project_tag" : null,
  "config_imap_project_id" : null,
  "config_imap_project_tag" : null,
  "config_b2b_document_type_project_id" : null,
  "config_b2b_document_type_project_tag" : null,
  "endpoint_project_id" : null,
  "endpoint_project_tag" : null,
  "config_plug_tag" : null,
  "config_plug_project_id" : null,
  "config_plug_project_tag" : null,
  "config_java_service_tag" : null,
  "config_java_service_project_id" : null,
  "config_java_service_project_tag" : null,
  "disabled" : false,
  "config" : {
    "type" : "json",
    "value" : "{\"api\":{\"id\":\"c34e2477-af62-4844-84c7-514bc0360c69\",\"name\":\"EnhancedContact\",\"projectId\":\"9637deb1-c20b-4883-89fe-94ddeddc185c\",\"projectName\":\"EnhancedContactAPI\",\"integrationId\":\"078253e3-0443-4049-9093-b602c4126317\",\"entityId\":\"4bc76155-1a2c-4fd6-a673-b34bd4bb0b25\",\"apiServiceId\":\"e173d2bf-ad2a-4df0-a2d5-c6dc7691df03\"},\"operations\":[{\"id\":\"343c2282-4a8d-4604-95ac-106aa7b29320\",\"method\":\"GET\",\"path\":\"/sfdccontact/{sfdccontactid}\",\"operationId\":\"enhancedcontact-1.0 get-contact-contactId\"}]}",
    "null" : false
  },
  "config_b2b_document_type_project_mode_id" : "112c1cb8-4b9e-4d1a-a042-0bd031dc7d05",
  "config_imap_project_mode_id" : "112c1cb8-4b9e-4d1a-a042-0bd031dc7d05",
  "config_java_service_project_mode_id" : "112c1cb8-4b9e-4d1a-a042-0bd031dc7d05",
  "config_plug_project_mode_id" : "112c1cb8-4b9e-4d1a-a042-0bd031dc7d05",
  "config_service_project_mode_id" : "112c1cb8-4b9e-4d1a-a042-0bd031dc7d05",
  "endpoint_project_mode_id" : "112c1cb8-4b9e-4d1a-a042-0bd031dc7d05",
  "service_project_mode_id" : "112c1cb8-4b9e-4d1a-a042-0bd031dc7d05",
  "parent_component_config_service_project_mode_id" : "112c1cb8-4b9e-4d1a-a042-0bd031dc7d05",
  "is_audit" : true,
  "keys_with_order" : null
}