{
  "component_config_id" : "ebecded5-646d-49e0-bb96-222a40031ab8",
  "endpoint_config_json" : {
    "type" : "jsonb",
    "value" : "{\"crossRef\": [], \"services\": [], \"multistep\": [], \"operations\": []}",
    "null" : false
  },
  "input_config_json" : {
    "type" : "jsonb",
    "value" : "{\"crossRef\": [], \"services\": [], \"multistep\": [], \"operations\": []}",
    "null" : false
  },
  "output_config_json" : {
    "type" : "jsonb",
    "value" : "{\"crossRef\": [], \"services\": [], \"multistep\": [], \"operations\": [{\"map\": {\"id\": \"8aa4d35a-3987-413d-a8f0-10fd58b5f0bc\", \"root\": false, \"type\": \"list\", \"cached\": false, \"source\": \"/GetEnhancedContactInput/GetSFDCContactByIdOutput/response/records[]/Name\", \"target\": \"/responseBody/contact/name\", \"mapNull\": false, \"disabled\": false, \"extractXml\": false, \"extractJson\": false, \"targetOrder\": 2.0, \"mapEmptyString\": false, \"sourceJavaType\": \"java.lang.String\", \"targetJavaType\": \"java.lang.String\"}}, {\"map\": {\"id\": \"7f79bf8b-0d95-46ac-8eb4-5e5cd87d8c77\", \"root\": false, \"type\": \"list\", \"cached\": false, \"source\": \"/GetEnhancedContactInput/GetSFDCContactByIdOutput/response/records[]/Title\", \"target\": \"/responseBody/contact/title\", \"mapNull\": false, \"disabled\": false, \"extractXml\": false, \"extractJson\": false, \"targetOrder\": 3.0, \"mapEmptyString\": false, \"sourceJavaType\": \"java.lang.String\", \"targetJavaType\": \"java.lang.String\"}}, {\"map\": {\"id\": \"dc3d8781-92db-4607-a540-d48868823e86\", \"root\": false, \"type\": \"list\", \"cached\": false, \"source\": \"/GetEnhancedContactInput/GetSFDCContactByIdOutput/response/records[]/Account_Name\", \"target\": \"/responseBody/contact/company\", \"mapNull\": false, \"disabled\": false, \"extractXml\": false, \"extractJson\": false, \"targetOrder\": 4.0, \"mapEmptyString\": false, \"sourceJavaType\": \"java.lang.String\", \"targetJavaType\": \"java.lang.String\"}}, {\"map\": {\"id\": \"5dfdefe7-71ef-459a-a559-517ea5008f36\", \"root\": false, \"type\": \"list\", \"cached\": false, \"source\": \"/GetEnhancedContactInput/GetSFDCContactByIdOutput/response/records[]/Account_Industry\", \"target\": \"/responseBody/contact/industry\", \"mapNull\": false, \"disabled\": false, \"extractXml\": false, \"extractJson\": false, \"targetOrder\": 5.0, \"mapEmptyString\": false, \"sourceJavaType\": \"java.lang.String\", \"targetJavaType\": \"java.lang.String\"}}, {\"map\": {\"id\": \"d7cbb2c4-2a63-4500-8abf-6c31ca18b1f1\", \"root\": false, \"type\": \"list\", \"cached\": false, \"source\": \"/GetEnhancedContactInput/GetSFDCContactByIdOutput/response/records[]/Email\", \"target\": \"/responseBody/contact/email\", \"mapNull\": false, \"disabled\": false, \"extractXml\": false, \"extractJson\": false, \"targetOrder\": 6.0, \"mapEmptyString\": false, \"sourceJavaType\": \"java.lang.String\", \"targetJavaType\": \"java.lang.String\"}}, {\"map\": {\"id\": \"a9156cbd-c388-4cef-8351-a80b52f94bed\", \"root\": false, \"type\": \"list\", \"cached\": false, \"source\": \"/GetEnhancedContactInput/GetSFDCContactByIdOutput/response/records[]/Phone\", \"target\": \"/responseBody/contact/phone\", \"mapNull\": false, \"disabled\": false, \"extractXml\": false, \"extractJson\": false, \"targetOrder\": 7.0, \"mapEmptyString\": false, \"sourceJavaType\": \"java.lang.String\", \"targetJavaType\": \"java.lang.String\"}}]}",
    "null" : false
  },
  "component_id" : "8ac5fe03-27a2-4e6a-a449-6a8893818223",
  "service_id" : "f279e25d-6604-473b-8547-f14c8fb51ce8",
  "endpoint_id" : null,
  "parent_component_config_id" : null,
  "component_config_order" : 1.0,
  "action_id" : "06843b78-eab0-45da-afab-8c8277d7553f",
  "name" : "Declare var",
  "description" : "",
  "override_endpoint" : false,
  "input_structure_json" : {
    "type" : "jsonb",
    "value" : "{\"maps\": [], \"mappedNodes\": [\"/GetEnhancedContactInput/GetSFDCContactByIdOutput/response/records[]/Name pipeIn\", \"/responseBody/contact/namepipeOut\", \"/GetEnhancedContactInput/GetSFDCContactByIdOutput/response/records[]/Title pipeIn\", \"/responseBody/contact/titlepipeOut\", \"/GetEnhancedContactInput/GetSFDCContactByIdOutput/response/records[]/Account_Name pipeIn\", \"/responseBody/contact/companypipeOut\", \"/GetEnhancedContactInput/GetSFDCContactByIdOutput/response/records[]/Account_Industry pipeIn\", \"/responseBody/contact/industrypipeOut\", \"/GetEnhancedContactInput/GetSFDCContactByIdOutput/response/records[]/Email pipeIn\", \"/responseBody/contact/emailpipeOut\", \"/GetEnhancedContactInput/GetSFDCContactByIdOutput/response/records[]/Phone pipeIn\", \"/responseBody/contact/phonepipeOut\"]}",
    "null" : false
  },
  "output_structure_json" : {
    "type" : "jsonb",
    "value" : "{\"maps\": [{\"/responseBody/contact/name\": [{\"type\": \"list\", \"source\": {\"path\": \"/GetEnhancedContactInput/GetSFDCContactByIdOutput/response/records[]/Name\", \"title\": \"Name\", \"dataElementType\": \"string\"}, \"target\": {\"path\": \"/responseBody/contact/name\", \"order\": 2, \"title\": \"name\", \"dataElementType\": \"string\"}, \"mapCondition\": {\"isConditionSet\": false, \"sourceTreeIndex\": [{\"key\": 1, \"title\": \"GetEnhancedContactInput\", \"isLeaf\": false, \"isArray\": false, \"children\": [{\"key\": 2, \"title\": \"GetSFDCContactByIdOutput\", \"isLeaf\": false, \"isArray\": false, \"children\": [{\"key\": 3, \"title\": \"response\", \"isLeaf\": false, \"isArray\": false, \"children\": [{\"key\": 4, \"title\": \"records\", \"isLeaf\": false, \"isArray\": true, \"children\": [{\"key\": 5, \"title\": \"Name\", \"isLeaf\": false, \"isArray\": false, \"parentKey\": 4}], \"parentKey\": 3, \"arrayIndex\": null}], \"parentKey\": 2}], \"parentKey\": 1}], \"parentKey\": 0}], \"targetTreeIndex\": [{\"key\": 1, \"title\": \"responseBody\", \"isLeaf\": false, \"isArray\": false, \"children\": [{\"key\": 2, \"title\": \"contact\", \"isLeaf\": false, \"isArray\": false, \"children\": [{\"key\": 3, \"title\": \"name\", \"isLeaf\": false, \"isArray\": false, \"parentKey\": 2}], \"parentKey\": 1}], \"parentKey\": 0}], \"mapConditionFormValue\": {}}}]}, {\"/responseBody/contact/title\": [{\"type\": \"list\", \"source\": {\"path\": \"/GetEnhancedContactInput/GetSFDCContactByIdOutput/response/records[]/Title\", \"title\": \"Title\", \"dataElementType\": \"string\"}, \"target\": {\"path\": \"/responseBody/contact/title\", \"order\": 3, \"title\": \"title\", \"dataElementType\": \"string\"}, \"mapCondition\": {\"isConditionSet\": false, \"sourceTreeIndex\": [{\"key\": 1, \"title\": \"GetEnhancedContactInput\", \"isLeaf\": false, \"isArray\": false, \"children\": [{\"key\": 2, \"title\": \"GetSFDCContactByIdOutput\", \"isLeaf\": false, \"isArray\": false, \"children\": [{\"key\": 3, \"title\": \"response\", \"isLeaf\": false, \"isArray\": false, \"children\": [{\"key\": 4, \"title\": \"records\", \"isLeaf\": false, \"isArray\": true, \"children\": [{\"key\": 5, \"title\": \"Title\", \"isLeaf\": false, \"isArray\": false, \"parentKey\": 4}], \"parentKey\": 3, \"arrayIndex\": null}], \"parentKey\": 2}], \"parentKey\": 1}], \"parentKey\": 0}], \"targetTreeIndex\": [{\"key\": 1, \"title\": \"responseBody\", \"isLeaf\": false, \"isArray\": false, \"children\": [{\"key\": 2, \"title\": \"contact\", \"isLeaf\": false, \"isArray\": false, \"children\": [{\"key\": 3, \"title\": \"title\", \"isLeaf\": false, \"isArray\": false, \"parentKey\": 2}], \"parentKey\": 1}], \"parentKey\": 0}], \"mapConditionFormValue\": {}}}]}, {\"/responseBody/contact/company\": [{\"type\": \"list\", \"source\": {\"path\": \"/GetEnhancedContactInput/GetSFDCContactByIdOutput/response/records[]/Account_Name\", \"title\": \"Account_Name\", \"dataElementType\": \"string\"}, \"target\": {\"path\": \"/responseBody/contact/company\", \"order\": 4, \"title\": \"company\", \"dataElementType\": \"string\"}, \"mapCondition\": {\"isConditionSet\": false, \"sourceTreeIndex\": [{\"key\": 1, \"title\": \"GetEnhancedContactInput\", \"isLeaf\": false, \"isArray\": false, \"children\": [{\"key\": 2, \"title\": \"GetSFDCContactByIdOutput\", \"isLeaf\": false, \"isArray\": false, \"children\": [{\"key\": 3, \"title\": \"response\", \"isLeaf\": false, \"isArray\": false, \"children\": [{\"key\": 4, \"title\": \"records\", \"isLeaf\": false, \"isArray\": true, \"children\": [{\"key\": 5, \"title\": \"Account_Name\", \"isLeaf\": false, \"isArray\": false, \"parentKey\": 4}], \"parentKey\": 3, \"arrayIndex\": null}], \"parentKey\": 2}], \"parentKey\": 1}], \"parentKey\": 0}], \"targetTreeIndex\": [{\"key\": 1, \"title\": \"responseBody\", \"isLeaf\": false, \"isArray\": false, \"children\": [{\"key\": 2, \"title\": \"contact\", \"isLeaf\": false, \"isArray\": false, \"children\": [{\"key\": 3, \"title\": \"company\", \"isLeaf\": false, \"isArray\": false, \"parentKey\": 2}], \"parentKey\": 1}], \"parentKey\": 0}], \"mapConditionFormValue\": {}}}]}, {\"/responseBody/contact/industry\": [{\"type\": \"list\", \"source\": {\"path\": \"/GetEnhancedContactInput/GetSFDCContactByIdOutput/response/records[]/Account_Industry\", \"title\": \"Account_Industry\", \"dataElementType\": \"string\"}, \"target\": {\"path\": \"/responseBody/contact/industry\", \"order\": 5, \"title\": \"industry\", \"dataElementType\": \"string\"}, \"mapCondition\": {\"isConditionSet\": false, \"sourceTreeIndex\": [{\"key\": 1, \"title\": \"GetEnhancedContactInput\", \"isLeaf\": false, \"isArray\": false, \"children\": [{\"key\": 2, \"title\": \"GetSFDCContactByIdOutput\", \"isLeaf\": false, \"isArray\": false, \"children\": [{\"key\": 3, \"title\": \"response\", \"isLeaf\": false, \"isArray\": false, \"children\": [{\"key\": 4, \"title\": \"records\", \"isLeaf\": false, \"isArray\": true, \"children\": [{\"key\": 5, \"title\": \"Account_Industry\", \"isLeaf\": false, \"isArray\": false, \"parentKey\": 4}], \"parentKey\": 3, \"arrayIndex\": null}], \"parentKey\": 2}], \"parentKey\": 1}], \"parentKey\": 0}], \"targetTreeIndex\": [{\"key\": 1, \"title\": \"responseBody\", \"isLeaf\": false, \"isArray\": false, \"children\": [{\"key\": 2, \"title\": \"contact\", \"isLeaf\": false, \"isArray\": false, \"children\": [{\"key\": 3, \"title\": \"industry\", \"isLeaf\": false, \"isArray\": false, \"parentKey\": 2}], \"parentKey\": 1}], \"parentKey\": 0}], \"mapConditionFormValue\": {}}}]}, {\"/responseBody/contact/email\": [{\"type\": \"list\", \"source\": {\"path\": \"/GetEnhancedContactInput/GetSFDCContactByIdOutput/response/records[]/Email\", \"title\": \"Email\", \"dataElementType\": \"string\"}, \"target\": {\"path\": \"/responseBody/contact/email\", \"order\": 6, \"title\": \"email\", \"dataElementType\": \"string\"}, \"mapCondition\": {\"isConditionSet\": false, \"sourceTreeIndex\": [{\"key\": 1, \"title\": \"GetEnhancedContactInput\", \"isLeaf\": false, \"isArray\": false, \"children\": [{\"key\": 2, \"title\": \"GetSFDCContactByIdOutput\", \"isLeaf\": false, \"isArray\": false, \"children\": [{\"key\": 3, \"title\": \"response\", \"isLeaf\": false, \"isArray\": false, \"children\": [{\"key\": 4, \"title\": \"records\", \"isLeaf\": false, \"isArray\": true, \"children\": [{\"key\": 5, \"title\": \"Email\", \"isLeaf\": false, \"isArray\": false, \"parentKey\": 4}], \"parentKey\": 3, \"arrayIndex\": null}], \"parentKey\": 2}], \"parentKey\": 1}], \"parentKey\": 0}], \"targetTreeIndex\": [{\"key\": 1, \"title\": \"responseBody\", \"isLeaf\": false, \"isArray\": false, \"children\": [{\"key\": 2, \"title\": \"contact\", \"isLeaf\": false, \"isArray\": false, \"children\": [{\"key\": 3, \"title\": \"email\", \"isLeaf\": false, \"isArray\": false, \"parentKey\": 2}], \"parentKey\": 1}], \"parentKey\": 0}], \"mapConditionFormValue\": {}}}]}, {\"/responseBody/contact/phone\": [{\"type\": \"list\", \"source\": {\"path\": \"/GetEnhancedContactInput/GetSFDCContactByIdOutput/response/records[]/Phone\", \"title\": \"Phone\", \"dataElementType\": \"string\"}, \"target\": {\"path\": \"/responseBody/contact/phone\", \"order\": 7, \"title\": \"phone\", \"dataElementType\": \"string\"}, \"mapCondition\": {\"isConditionSet\": false, \"sourceTreeIndex\": [{\"key\": 1, \"title\": \"GetEnhancedContactInput\", \"isLeaf\": false, \"isArray\": false, \"children\": [{\"key\": 2, \"title\": \"GetSFDCContactByIdOutput\", \"isLeaf\": false, \"isArray\": false, \"children\": [{\"key\": 3, \"title\": \"response\", \"isLeaf\": false, \"isArray\": false, \"children\": [{\"key\": 4, \"title\": \"records\", \"isLeaf\": false, \"isArray\": true, \"children\": [{\"key\": 5, \"title\": \"Phone\", \"isLeaf\": false, \"isArray\": false, \"parentKey\": 4}], \"parentKey\": 3, \"arrayIndex\": null}], \"parentKey\": 2}], \"parentKey\": 1}], \"parentKey\": 0}], \"targetTreeIndex\": [{\"key\": 1, \"title\": \"responseBody\", \"isLeaf\": false, \"isArray\": false, \"children\": [{\"key\": 2, \"title\": \"contact\", \"isLeaf\": false, \"isArray\": false, \"children\": [{\"key\": 3, \"title\": \"phone\", \"isLeaf\": false, \"isArray\": false, \"parentKey\": 2}], \"parentKey\": 1}], \"parentKey\": 0}], \"mapConditionFormValue\": {}}}]}], \"tracks\": {}, \"transformer\": []}",
    "null" : false
  },
  "endpoint_structure_json" : {
    "type" : "jsonb",
    "value" : "{\"maps\": []}",
    "null" : false
  },
  "is_error" : false,
  "no_of_errors" : 0,
  "action_input_type" : null,
  "config_service_id" : null,
  "config_imap_id" : null,
  "config_b2b_document_type_id" : null,
  "config_document_id" : null,
  "add_variables" : {
    "type" : "jsonb",
    "value" : "[{\"id\": \"c348713c-8a12-4c69-bfb2-01af00668246\", \"key\": \"/responseBody\", \"type\": \"reference\", \"order\": 2, \"title\": \"responseBody\", \"value\": {\"type\": \"object\"}, \"isLeaf\": false, \"children\": [], \"editAllow\": true, \"hasChildren\": false, \"projectName\": \"EnhancedContactAPI\", \"referenceId\": \"ced4e252-ce57-443a-8ba0-9af06939eb47\", \"isChildrenSet\": false, \"dataObjectName\": \"responseBody\", \"dataElementType\": \"document\", \"componentConfigId\": \"ebecded5-646d-49e0-bb96-222a40031ab8\", \"encryption_required\": false}]",
    "null" : false
  },
  "drop_variables" : {
    "type" : "jsonb",
    "value" : "[]",
    "null" : false
  },
  "plug_input_structure" : null,
  "plug_output_structure" : null,
  "config_plug_id" : null,
  "override_plug" : false,
  "config_java_service_id" : null,
  "service_tag" : "V4",
  "endpoint_tag" : null,
  "config_service_tag" : "",
  "config_imap_tag" : "",
  "config_b2b_document_type_tag" : "",
  "active" : false,
  "parent_component_config_service_tag" : "V4",
  "service_project_id" : "9637deb1-c20b-4883-89fe-94ddeddc185c",
  "service_project_tag" : "V4",
  "config_service_project_id" : null,
  "config_service_project_tag" : "",
  "config_imap_project_id" : null,
  "config_imap_project_tag" : "",
  "config_b2b_document_type_project_id" : null,
  "config_b2b_document_type_project_tag" : "",
  "endpoint_project_id" : null,
  "endpoint_project_tag" : null,
  "config_plug_tag" : null,
  "config_plug_project_id" : null,
  "config_plug_project_tag" : null,
  "config_java_service_tag" : "",
  "config_java_service_project_id" : null,
  "config_java_service_project_tag" : "",
  "disabled" : false,
  "config" : null,
  "config_b2b_document_type_project_mode_id" : "112c1cb8-4b9e-4d1a-a042-0bd031dc7d05",
  "config_imap_project_mode_id" : "112c1cb8-4b9e-4d1a-a042-0bd031dc7d05",
  "config_java_service_project_mode_id" : "112c1cb8-4b9e-4d1a-a042-0bd031dc7d05",
  "config_plug_project_mode_id" : "112c1cb8-4b9e-4d1a-a042-0bd031dc7d05",
  "config_service_project_mode_id" : "112c1cb8-4b9e-4d1a-a042-0bd031dc7d05",
  "endpoint_project_mode_id" : "112c1cb8-4b9e-4d1a-a042-0bd031dc7d05",
  "service_project_mode_id" : "112c1cb8-4b9e-4d1a-a042-0bd031dc7d05",
  "parent_component_config_service_project_mode_id" : "112c1cb8-4b9e-4d1a-a042-0bd031dc7d05",
  "is_audit" : true,
  "keys_with_order" : null
}