{
  "component_config_id" : "d6eccc81-ed26-4037-8c46-55db5034a71f",
  "endpoint_config_json" : {
    "type" : "jsonb",
    "value" : "{\"crossRef\": [], \"services\": [], \"multistep\": [], \"operations\": []}",
    "null" : false
  },
  "input_config_json" : {
    "type" : "jsonb",
    "value" : "{\"crossRef\": [], \"services\": [], \"multistep\": [], \"operations\": [{\"map\": {\"id\": \"352b21c9-67a6-428c-a70f-96dcb7366fa6\", \"root\": true, \"type\": \"map\", \"cached\": false, \"source\": \"/GetSFDCContactByIdOutput\", \"target\": \"/GetEnhancedContactInput/GetSFDCContactByIdOutput\", \"mapNull\": false, \"disabled\": false, \"extractXml\": false, \"extractJson\": false, \"targetOrder\": 1.0, \"mapEmptyString\": false}}]}",
    "null" : false
  },
  "output_config_json" : {
    "type" : "jsonb",
    "value" : "{\"crossRef\": [], \"services\": [], \"multistep\": [], \"operations\": [{\"map\": {\"id\": \"cbf61a10-162e-4208-954e-d267dfa69cc7\", \"root\": true, \"type\": \"map\", \"cached\": false, \"source\": \"/GetEnhancedContactOutput\", \"target\": \"/GetEnhancedContactOutput\", \"mapNull\": false, \"disabled\": false, \"extractXml\": false, \"extractJson\": false, \"targetOrder\": 1.0, \"mapEmptyString\": false}}, {\"map\": {\"id\": \"7ed7cb0d-e728-4948-be38-3c64504ea4e0\", \"root\": false, \"type\": \"map\", \"cached\": false, \"source\": \"/GetEnhancedContactOutput/ResponseStatus\", \"target\": \"/GetEnhancedContactServiceOutput/ResponseStatus\", \"mapNull\": false, \"disabled\": false, \"extractXml\": false, \"extractJson\": false, \"targetOrder\": 1.0, \"mapEmptyString\": false, \"sourceJavaType\": \"java.lang.String\", \"targetJavaType\": \"java.lang.String\"}}, {\"map\": {\"id\": \"c85e8b11-203c-49f1-b6fa-b2714ff6527c\", \"root\": true, \"type\": \"map\", \"cached\": false, \"source\": \"/GetEnhancedContactOutput/ResponseBody\", \"target\": \"/GetEnhancedContactServiceOutput/ResponseBody\", \"mapNull\": false, \"disabled\": false, \"extractXml\": false, \"extractJson\": false, \"targetOrder\": 1.0, \"mapEmptyString\": false}}]}",
    "null" : false
  },
  "component_id" : "756d919f-1b1f-4eab-9f44-2f7b5bbe175c",
  "service_id" : "a4583d49-4238-4463-b10b-f29fe7bf1a8c",
  "endpoint_id" : null,
  "parent_component_config_id" : null,
  "component_config_order" : 2.0,
  "action_id" : "8e231fcc-71d0-43f6-9303-70dcb0ca6080",
  "name" : "Enhance Contact",
  "description" : "",
  "override_endpoint" : false,
  "input_structure_json" : {
    "type" : "jsonb",
    "value" : "{\"maps\": [{\"/GetEnhancedContactInput/GetSFDCContactByIdOutput\": [{\"type\": \"map\", \"source\": {\"path\": \"/GetSFDCContactByIdOutput\", \"title\": \"GetSFDCContactByIdOutput\", \"dataElementType\": \"document\"}, \"target\": {\"path\": \"/GetEnhancedContactInput/GetSFDCContactByIdOutput\", \"order\": 1, \"title\": \"GetSFDCContactByIdOutput\", \"dataElementType\": \"document\"}, \"mapCondition\": {\"isConditionSet\": false, \"sourceTreeIndex\": [], \"targetTreeIndex\": [], \"mapConditionFormValue\": {}}}]}], \"mappedNodes\": [\"/GetEnhancedContactOutputactionOut\", \"/GetEnhancedContactOutputpipeOut\", \"/GetSFDCContactByIdOutput pipeIn\", \"/GetEnhancedContactInput/GetSFDCContactByIdOutput actionIn\", \"/GetEnhancedContactOutput/ResponseStatus\", \"/GetEnhancedContactServiceOutput/ResponseStatuspipeOut\", \"/GetEnhancedContactOutput/ResponseBody\", \"/GetEnhancedContactServiceOutput/ResponseBodypipeOut\"]}",
    "null" : false
  },
  "output_structure_json" : {
    "type" : "jsonb",
    "value" : "{\"maps\": [{\"/GetEnhancedContactOutput\": [{\"type\": \"map\", \"source\": {\"path\": \"/GetEnhancedContactOutput\", \"title\": \"GetEnhancedContactOutput\", \"dataElementType\": \"document\"}, \"target\": {\"path\": \"/GetEnhancedContactOutput\", \"order\": 1, \"title\": \"GetEnhancedContactOutput\", \"dataElementType\": \"document\"}, \"mapCondition\": {\"isConditionSet\": false, \"sourceTreeIndex\": [], \"targetTreeIndex\": [], \"mapConditionFormValue\": {}}}]}, {\"/GetEnhancedContactServiceOutput/ResponseStatus\": [{\"type\": \"map\", \"source\": {\"path\": \"/GetEnhancedContactOutput/ResponseStatus\", \"title\": \"ResponseStatus\", \"dataElementType\": \"string\"}, \"target\": {\"path\": \"/GetEnhancedContactServiceOutput/ResponseStatus\", \"order\": 1, \"title\": \"ResponseStatus\", \"dataElementType\": \"string\"}, \"mapCondition\": {\"isConditionSet\": false, \"sourceTreeIndex\": [], \"targetTreeIndex\": [], \"mapConditionFormValue\": {}}}]}, {\"/GetEnhancedContactServiceOutput/ResponseBody\": [{\"type\": \"map\", \"source\": {\"path\": \"/GetEnhancedContactOutput/ResponseBody\", \"title\": \"ResponseBody\", \"dataElementType\": \"document\"}, \"target\": {\"path\": \"/GetEnhancedContactServiceOutput/ResponseBody\", \"order\": 1, \"title\": \"ResponseBody\", \"dataElementType\": \"document\"}, \"mapCondition\": {\"isConditionSet\": false, \"sourceTreeIndex\": [], \"targetTreeIndex\": [], \"mapConditionFormValue\": {}}}]}], \"transformer\": []}",
    "null" : false
  },
  "endpoint_structure_json" : {
    "type" : "jsonb",
    "value" : "{\"maps\": []}",
    "null" : false
  },
  "is_error" : false,
  "no_of_errors" : 0,
  "action_input_type" : null,
  "config_service_id" : "f279e25d-6604-473b-8547-f14c8fb51ce8",
  "config_imap_id" : null,
  "config_b2b_document_type_id" : null,
  "config_document_id" : null,
  "add_variables" : {
    "type" : "jsonb",
    "value" : "[]",
    "null" : false
  },
  "drop_variables" : {
    "type" : "jsonb",
    "value" : "[]",
    "null" : false
  },
  "plug_input_structure" : null,
  "plug_output_structure" : null,
  "config_plug_id" : null,
  "override_plug" : false,
  "config_java_service_id" : null,
  "service_tag" : "V4",
  "endpoint_tag" : null,
  "config_service_tag" : "EMPTY",
  "config_imap_tag" : "",
  "config_b2b_document_type_tag" : "",
  "active" : false,
  "parent_component_config_service_tag" : "V4",
  "service_project_id" : "9637deb1-c20b-4883-89fe-94ddeddc185c",
  "service_project_tag" : "V4",
  "config_service_project_id" : "9637deb1-c20b-4883-89fe-94ddeddc185c",
  "config_service_project_tag" : "EMPTY",
  "config_imap_project_id" : null,
  "config_imap_project_tag" : "",
  "config_b2b_document_type_project_id" : null,
  "config_b2b_document_type_project_tag" : "",
  "endpoint_project_id" : null,
  "endpoint_project_tag" : null,
  "config_plug_tag" : null,
  "config_plug_project_id" : null,
  "config_plug_project_tag" : null,
  "config_java_service_tag" : "",
  "config_java_service_project_id" : null,
  "config_java_service_project_tag" : "",
  "disabled" : false,
  "config" : {
    "type" : "json",
    "value" : "{\"serviceProjectName\":\"NewContactEnhancedAsyncAPI\"}",
    "null" : false
  },
  "config_b2b_document_type_project_mode_id" : "112c1cb8-4b9e-4d1a-a042-0bd031dc7d05",
  "config_imap_project_mode_id" : "112c1cb8-4b9e-4d1a-a042-0bd031dc7d05",
  "config_java_service_project_mode_id" : "112c1cb8-4b9e-4d1a-a042-0bd031dc7d05",
  "config_plug_project_mode_id" : "112c1cb8-4b9e-4d1a-a042-0bd031dc7d05",
  "config_service_project_mode_id" : "112c1cb8-4b9e-4d1a-a042-0bd031dc7d05",
  "endpoint_project_mode_id" : "112c1cb8-4b9e-4d1a-a042-0bd031dc7d05",
  "service_project_mode_id" : "112c1cb8-4b9e-4d1a-a042-0bd031dc7d05",
  "parent_component_config_service_project_mode_id" : "112c1cb8-4b9e-4d1a-a042-0bd031dc7d05",
  "is_audit" : true,
  "keys_with_order" : null
}