{
  "id" : "a4e6e8a1-5d63-44c1-a031-bed8ca1ae08b",
  "name" : "GetAllSFDCContacts",
  "component_id" : "f9e692b6-2d3f-4aa8-be08-38ccc97babd0",
  "endpoint_id" : "3747044c-9111-4fbe-9440-d22d1158d1c9",
  "action_id" : "acc3e0a8-5a55-4b14-b1b8-2d9604bbe31f",
  "structure_json" : {
    "type" : "jsonb",
    "value" : "{\"batch\": false, \"count\": null, \"joins\": [], \"limit\": null, \"nulls\": \"\", \"where\": {\"predicates\": [{\"id\": \"f727fcd5-8242-48f8-b12e-4d251e75e70b\", \"path\": \"IsDeleted\", \"field\": \"IsDeleted\", \"value\": \":IsDeleted\", \"isGroup\": false, \"children\": null, \"operator\": \"=\", \"operation\": null, \"soap_type\": \"boolean\", \"dataElementPath\": \"IsDeleted\", \"dataElementType\": \"boolean\"}]}, \"action\": \"QueryAll\", \"entity\": \"{\\\"name\\\":\\\"Contact\\\",\\\"label\\\":\\\"Contact\\\",\\\"hasChildren\\\":false,\\\"mainEntity\\\":false,\\\"displayName\\\":\\\"Objects\\\"}\", \"uiConfig\": {\"keys\": [\"Id\", \"Name\", \"Phone\", \"Email\", \"Title\", \"AccountId.Name\", \"AccountId.Industry\", \"AccountId\"], \"limit\": true, \"where\": true, \"orderBy\": true, \"inputKeys\": [], \"operators\": {\"where\": [\"=\", \"!=\", \">\", \"<\", \">=\", \"<=\", \"IS NOT NULL\", \"IS NULL\", \"BETWEEN\", \"IN\", \"NOT IN\", \"LIKE\"]}, \"skippable\": false, \"supportJoin\": false, \"disableFields\": false, \"metadataKeyName\": \"projections\", \"selectedTableList\": [], \"batchConfiguration\": {\"skippable\": false, \"maxBatchSize\": 0, \"batchSupported\": false}, \"includeReferenceFields\": true, \"supportsExternalFields\": false, \"supportsReferenceFields\": false}, \"allOrNone\": false, \"inputKeys\": [], \"inputFields\": {}, \"projections\": [{\"name\": \"Id\", \"path\": \"Id\", \"type\": \"string\", \"label\": \"Id\", \"checked\": true, \"readonly\": false, \"required\": false, \"soap_type\": \"ID\", \"columnIndex\": 0, \"hasChildren\": false, \"indeterminate\": false, \"inputCategory\": false, \"dataElementPath\": \"Id\", \"picklist_values\": []}, {\"name\": \"Name\", \"path\": \"Name\", \"type\": \"string\", \"label\": \"Name\", \"checked\": true, \"readonly\": false, \"required\": false, \"soap_type\": \"string\", \"columnIndex\": 0, \"hasChildren\": false, \"indeterminate\": false, \"inputCategory\": false, \"dataElementPath\": \"Name\", \"picklist_values\": []}, {\"name\": \"Phone\", \"path\": \"Phone\", \"type\": \"string\", \"label\": \"Phone\", \"checked\": true, \"readonly\": false, \"required\": false, \"soap_type\": \"string\", \"columnIndex\": 0, \"hasChildren\": false, \"indeterminate\": false, \"inputCategory\": false, \"dataElementPath\": \"Phone\", \"picklist_values\": []}, {\"name\": \"Email\", \"path\": \"Email\", \"type\": \"string\", \"label\": \"Email\", \"checked\": true, \"readonly\": false, \"required\": false, \"soap_type\": \"string\", \"columnIndex\": 0, \"hasChildren\": false, \"indeterminate\": false, \"inputCategory\": false, \"dataElementPath\": \"Email\", \"picklist_values\": []}, {\"name\": \"Title\", \"path\": \"Title\", \"type\": \"string\", \"label\": \"Title\", \"checked\": true, \"readonly\": false, \"required\": false, \"soap_type\": \"string\", \"columnIndex\": 0, \"hasChildren\": false, \"indeterminate\": false, \"inputCategory\": false, \"dataElementPath\": \"Title\", \"picklist_values\": []}, {\"key\": \"Account.AccountId\", \"name\": \"AccountId\", \"path\": \"AccountId\", \"type\": \"string\", \"label\": \"AccountId\", \"checked\": true, \"children\": [{\"key\": \"Account.Name\", \"name\": \"Name\", \"path\": \"AccountId.Name\", \"type\": \"string\", \"label\": \"Name\", \"checked\": true, \"readonly\": false, \"required\": false, \"soap_type\": \"string\", \"columnIndex\": 0, \"hasChildren\": false, \"indeterminate\": false, \"inputCategory\": false, \"picklist_values\": []}, {\"key\": \"Account.Industry\", \"name\": \"Industry\", \"path\": \"AccountId.Industry\", \"type\": \"string\", \"label\": \"Industry\", \"checked\": true, \"readonly\": false, \"required\": false, \"soap_type\": \"string\", \"columnIndex\": 0, \"hasChildren\": false, \"indeterminate\": false, \"inputCategory\": false, \"picklist_values\": [\"Agriculture\", \"Apparel\", \"Banking\", \"Biotechnology\", \"Chemicals\", \"Communications\", \"Construction\", \"Consulting\", \"Education\", \"Electronics\", \"Energy\", \"Engineering\", \"Entertainment\", \"Environmental\", \"Finance\", \"Food & Beverage\", \"Government\", \"Healthcare\", \"Hospitality\", \"Insurance\", \"Machinery\", \"Manufacturing\", \"Media\", \"Not For Profit\", \"Recreation\", \"Retail\", \"Shipping\", \"Technology\", \"Telecommunications\", \"Transportation\", \"Utilities\", \"Other\"]}], \"readonly\": false, \"required\": false, \"soap_type\": \"ID\", \"columnIndex\": 0, \"hasChildren\": true, \"referenceTo\": \"Account\", \"indeterminate\": false, \"inputCategory\": false, \"picklist_values\": [], \"relationshipName\": \"Account\", \"refObjectExtFields\": [{\"name\": \"Id\", \"type\": \"string\", \"label\": \"Id\", \"checked\": false, \"readonly\": false, \"required\": false, \"soap_type\": \"ID\", \"columnIndex\": 0, \"hasChildren\": false, \"inputCategory\": false}]}], \"externalFields\": [], \"referenceFields\": []}",
    "null" : false
  },
  "config_json" : {
    "type" : "jsonb",
    "value" : "{\"batch\": false, \"count\": null, \"joins\": [], \"limit\": null, \"nulls\": \"\", \"where\": {\"predicates\": [{\"id\": \"f727fcd5-8242-48f8-b12e-4d251e75e70b\", \"path\": \"IsDeleted\", \"field\": \"IsDeleted\", \"value\": \":IsDeleted\", \"isGroup\": false, \"children\": null, \"operator\": \"=\", \"operation\": null, \"soap_type\": \"boolean\", \"dataElementPath\": \"IsDeleted\", \"dataElementType\": \"boolean\"}]}, \"action\": \"QueryAll\", \"entity\": \"{\\\"name\\\":\\\"Contact\\\",\\\"label\\\":\\\"Contact\\\",\\\"hasChildren\\\":false,\\\"mainEntity\\\":false,\\\"displayName\\\":\\\"Objects\\\"}\", \"uiConfig\": {\"keys\": [\"Id\", \"Name\", \"Phone\", \"Email\", \"Title\", \"AccountId.Name\", \"AccountId.Industry\", \"AccountId\"], \"limit\": true, \"where\": true, \"orderBy\": true, \"inputKeys\": [], \"operators\": {\"where\": [\"=\", \"!=\", \">\", \"<\", \">=\", \"<=\", \"IS NOT NULL\", \"IS NULL\", \"BETWEEN\", \"IN\", \"NOT IN\", \"LIKE\"]}, \"skippable\": false, \"supportJoin\": false, \"disableFields\": false, \"metadataKeyName\": \"projections\", \"selectedTableList\": [], \"batchConfiguration\": {\"skippable\": false, \"maxBatchSize\": 0, \"batchSupported\": false}, \"includeReferenceFields\": true, \"supportsExternalFields\": false, \"supportsReferenceFields\": false}, \"allOrNone\": false, \"inputKeys\": [], \"inputFields\": {}, \"projections\": [{\"name\": \"Id\", \"path\": \"Id\", \"type\": \"string\", \"label\": \"Id\", \"checked\": true, \"readonly\": false, \"required\": false, \"soap_type\": \"ID\", \"columnIndex\": 0, \"hasChildren\": false, \"indeterminate\": false, \"inputCategory\": false, \"dataElementPath\": \"Id\", \"picklist_values\": []}, {\"name\": \"Name\", \"path\": \"Name\", \"type\": \"string\", \"label\": \"Name\", \"checked\": true, \"readonly\": false, \"required\": false, \"soap_type\": \"string\", \"columnIndex\": 0, \"hasChildren\": false, \"indeterminate\": false, \"inputCategory\": false, \"dataElementPath\": \"Name\", \"picklist_values\": []}, {\"name\": \"Phone\", \"path\": \"Phone\", \"type\": \"string\", \"label\": \"Phone\", \"checked\": true, \"readonly\": false, \"required\": false, \"soap_type\": \"string\", \"columnIndex\": 0, \"hasChildren\": false, \"indeterminate\": false, \"inputCategory\": false, \"dataElementPath\": \"Phone\", \"picklist_values\": []}, {\"name\": \"Email\", \"path\": \"Email\", \"type\": \"string\", \"label\": \"Email\", \"checked\": true, \"readonly\": false, \"required\": false, \"soap_type\": \"string\", \"columnIndex\": 0, \"hasChildren\": false, \"indeterminate\": false, \"inputCategory\": false, \"dataElementPath\": \"Email\", \"picklist_values\": []}, {\"name\": \"Title\", \"path\": \"Title\", \"type\": \"string\", \"label\": \"Title\", \"checked\": true, \"readonly\": false, \"required\": false, \"soap_type\": \"string\", \"columnIndex\": 0, \"hasChildren\": false, \"indeterminate\": false, \"inputCategory\": false, \"dataElementPath\": \"Title\", \"picklist_values\": []}, {\"key\": \"Account.AccountId\", \"name\": \"AccountId\", \"path\": \"AccountId\", \"type\": \"string\", \"label\": \"AccountId\", \"checked\": true, \"children\": [{\"key\": \"Account.Name\", \"name\": \"Name\", \"path\": \"AccountId.Name\", \"type\": \"string\", \"label\": \"Name\", \"checked\": true, \"readonly\": false, \"required\": false, \"soap_type\": \"string\", \"columnIndex\": 0, \"hasChildren\": false, \"indeterminate\": false, \"inputCategory\": false, \"picklist_values\": []}, {\"key\": \"Account.Industry\", \"name\": \"Industry\", \"path\": \"AccountId.Industry\", \"type\": \"string\", \"label\": \"Industry\", \"checked\": true, \"readonly\": false, \"required\": false, \"soap_type\": \"string\", \"columnIndex\": 0, \"hasChildren\": false, \"indeterminate\": false, \"inputCategory\": false, \"picklist_values\": [\"Agriculture\", \"Apparel\", \"Banking\", \"Biotechnology\", \"Chemicals\", \"Communications\", \"Construction\", \"Consulting\", \"Education\", \"Electronics\", \"Energy\", \"Engineering\", \"Entertainment\", \"Environmental\", \"Finance\", \"Food & Beverage\", \"Government\", \"Healthcare\", \"Hospitality\", \"Insurance\", \"Machinery\", \"Manufacturing\", \"Media\", \"Not For Profit\", \"Recreation\", \"Retail\", \"Shipping\", \"Technology\", \"Telecommunications\", \"Transportation\", \"Utilities\", \"Other\"]}], \"readonly\": false, \"required\": false, \"soap_type\": \"ID\", \"columnIndex\": 0, \"hasChildren\": true, \"referenceTo\": \"Account\", \"indeterminate\": false, \"inputCategory\": false, \"picklist_values\": [], \"relationshipName\": \"Account\", \"refObjectExtFields\": [{\"name\": \"Id\", \"type\": \"string\", \"label\": \"Id\", \"checked\": false, \"readonly\": false, \"required\": false, \"soap_type\": \"ID\", \"columnIndex\": 0, \"hasChildren\": false, \"inputCategory\": false}]}], \"externalFields\": [], \"referenceFields\": []}",
    "null" : false
  },
  "display_query" : "SELECT Id , Name , Phone , Email , Title , Account.Name , Account.Industry FROM Contact WHERE IsDeleted = :where_IsDeleted ",
  "input_structure" : {
    "type" : "jsonb",
    "value" : "[{\"key\": \"/GetAllSFDCContactsInput\", \"type\": \"object\", \"order\": 1.0, \"title\": \"GetAllSFDCContactsInput\", \"children\": [{\"key\": \"/GetAllSFDCContactsInput/where\", \"type\": \"object\", \"order\": 2.0, \"title\": \"where\", \"value\": {\"type\": \"object\"}, \"children\": [{\"key\": \"/GetAllSFDCContactsInput/where/where_IsDeleted\", \"type\": \"boolean\", \"order\": 3.0, \"title\": \"IsDeleted\", \"value\": {\"type\": \"boolean\"}, \"hasChildren\": false, \"dataElementType\": \"boolean\"}], \"hasChildren\": false, \"dataElementType\": \"document\"}], \"hasChildren\": false, \"dataElementType\": \"document\"}]",
    "null" : false
  },
  "output_structure" : {
    "type" : "jsonb",
    "value" : "[{\"key\": \"/GetAllSFDCContactsOutput\", \"type\": \"object\", \"order\": 1.0, \"title\": \"GetAllSFDCContactsOutput\", \"children\": [{\"key\": \"/GetAllSFDCContactsOutput/success\", \"type\": \"boolean\", \"order\": 2.0, \"title\": \"success\", \"hasChildren\": false, \"dataElementType\": \"boolean\"}, {\"key\": \"/GetAllSFDCContactsOutput/statusCode\", \"type\": \"integer\", \"order\": 3.0, \"title\": \"statusCode\", \"hasChildren\": false, \"dataElementType\": \"integer\"}, {\"key\": \"/GetAllSFDCContactsOutput/response\", \"type\": \"object\", \"order\": 4.0, \"title\": \"response\", \"value\": {\"type\": \"object\"}, \"children\": [{\"key\": \"/GetAllSFDCContactsOutput/response/done\", \"type\": \"boolean\", \"order\": 5.0, \"title\": \"done\", \"value\": {\"type\": \"boolean\"}, \"hasChildren\": false, \"dataElementType\": \"boolean\"}, {\"key\": \"/GetAllSFDCContactsOutput/response/totalSize\", \"type\": \"number\", \"order\": 6.0, \"title\": \"totalSize\", \"value\": {\"type\": \"number\"}, \"hasChildren\": false, \"dataElementType\": \"number\"}, {\"key\": \"/GetAllSFDCContactsOutput/response/nextRecordsUrl\", \"type\": \"string\", \"order\": 7.0, \"title\": \"nextRecordsUrl\", \"value\": {\"type\": \"string\"}, \"hasChildren\": false, \"dataElementType\": \"string\"}, {\"key\": \"/GetAllSFDCContactsOutput/response/records[]\", \"type\": \"array\", \"order\": 8.0, \"title\": \"records\", \"value\": {\"type\": \"array\"}, \"children\": [{\"key\": \"/GetAllSFDCContactsOutput/response/records[]/Id\", \"type\": \"string\", \"order\": 9.0, \"title\": \"Id\", \"value\": {\"type\": \"string\"}, \"hasChildren\": false, \"dataElementType\": \"string\"}, {\"key\": \"/GetAllSFDCContactsOutput/response/records[]/Name\", \"type\": \"string\", \"order\": 10.0, \"title\": \"Name\", \"value\": {\"type\": \"string\"}, \"hasChildren\": false, \"dataElementType\": \"string\"}, {\"key\": \"/GetAllSFDCContactsOutput/response/records[]/Phone\", \"type\": \"string\", \"order\": 11.0, \"title\": \"Phone\", \"value\": {\"type\": \"string\"}, \"hasChildren\": false, \"dataElementType\": \"string\"}, {\"key\": \"/GetAllSFDCContactsOutput/response/records[]/Email\", \"type\": \"string\", \"order\": 12.0, \"title\": \"Email\", \"value\": {\"type\": \"string\"}, \"hasChildren\": false, \"dataElementType\": \"string\"}, {\"key\": \"/GetAllSFDCContactsOutput/response/records[]/Title\", \"type\": \"string\", \"order\": 13.0, \"title\": \"Title\", \"value\": {\"type\": \"string\"}, \"hasChildren\": false, \"dataElementType\": \"string\"}, {\"key\": \"/GetAllSFDCContactsOutput/response/records[]/Account_Name\", \"type\": \"string\", \"order\": 14.0, \"title\": \"Account_Name\", \"value\": {\"type\": \"string\"}, \"hasChildren\": false, \"dataElementType\": \"string\"}, {\"key\": \"/GetAllSFDCContactsOutput/response/records[]/Account_Industry\", \"type\": \"string\", \"order\": 15.0, \"title\": \"Account_Industry\", \"value\": {\"type\": \"string\"}, \"hasChildren\": false, \"dataElementType\": \"string\"}], \"hasChildren\": false, \"dataElementType\": \"documentArray\"}], \"hasChildren\": false, \"dataElementType\": \"document\"}, {\"key\": \"/GetAllSFDCContactsOutput/errors[]\", \"type\": \"array\", \"order\": 16.0, \"title\": \"errors\", \"children\": [{\"key\": \"/GetAllSFDCContactsOutput/errors[]/fields[]\", \"type\": \"stringArray\", \"order\": 17.0, \"title\": \"fields\", \"hasChildren\": false, \"dataElementType\": \"stringArray\"}, {\"key\": \"/GetAllSFDCContactsOutput/errors[]/message\", \"type\": \"string\", \"order\": 18.0, \"title\": \"message\", \"hasChildren\": false, \"dataElementType\": \"string\"}, {\"key\": \"/GetAllSFDCContactsOutput/errors[]/errorCode\", \"type\": \"string\", \"order\": 19.0, \"title\": \"errorCode\", \"hasChildren\": false, \"dataElementType\": \"string\"}], \"hasChildren\": false, \"dataElementType\": \"documentArray\"}, {\"key\": \"/GetAllSFDCContactsOutput/responseHeaders\", \"type\": \"object\", \"order\": 20.0, \"title\": \"responseHeaders\", \"children\": [], \"hasChildren\": false, \"dataElementType\": \"document\"}], \"hasChildren\": false, \"dataElementType\": \"document\"}]",
    "null" : false
  },
  "description" : "GetAllSFDCContacts",
  "comments" : "",
  "db_query" : "SELECT Id , Name , Phone , Email , Title , Account.Name , Account.Industry FROM Contact WHERE IsDeleted = :where_IsDeleted ",
  "tag" : "V4",
  "active" : false,
  "is_changed" : false,
  "endpoint_tag" : "EMPTY",
  "endpoint_project_id" : "9637deb1-c20b-4883-89fe-94ddeddc185c",
  "endpoint_project_tag" : "EMPTY",
  "comment" : "Removed PII from OpenAI call as it was not really necessary",
  "input_data_object_id" : null,
  "input_data_object_tag" : "EMPTY",
  "input_data_object_project_id" : null,
  "input_data_object_project_tag" : "EMPTY",
  "output_data_object_id" : null,
  "output_data_object_tag" : "EMPTY",
  "output_data_object_project_id" : null,
  "output_data_object_project_tag" : "EMPTY",
  "base_tag" : "V3",
  "endpoint_project_mode_id" : "112c1cb8-4b9e-4d1a-a042-0bd031dc7d05",
  "input_data_object_project_mode_id" : "112c1cb8-4b9e-4d1a-a042-0bd031dc7d05",
  "output_data_object_project_mode_id" : "112c1cb8-4b9e-4d1a-a042-0bd031dc7d05",
  "test_input" : {
    "type" : "jsonb",
    "value" : "{}",
    "null" : false
  },
  "test_input_structure" : {
    "type" : "jsonb",
    "value" : "[{\"key\": \"/GetAllSFDCContactsInput\", \"type\": \"object\", \"order\": 1.0, \"title\": \"GetAllSFDCContactsInput\", \"children\": [{\"key\": \"/GetAllSFDCContactsInput/where\", \"type\": \"object\", \"order\": 2.0, \"title\": \"where\", \"value\": {\"type\": \"object\"}, \"children\": [{\"key\": \"/GetAllSFDCContactsInput/where/where_IsDeleted\", \"type\": \"boolean\", \"order\": 3.0, \"title\": \"IsDeleted\", \"value\": {\"type\": \"boolean\"}, \"hasChildren\": false, \"dataElementType\": \"boolean\"}], \"hasChildren\": false, \"dataElementType\": \"document\"}], \"hasChildren\": false, \"dataElementType\": \"document\"}]",
    "null" : false
  }
}