{
  "id" : "69a0b394-eec0-4b60-9767-1fb258b727c5",
  "name" : "GetSFDCContactById",
  "component_id" : "f9e692b6-2d3f-4aa8-be08-38ccc97babd0",
  "endpoint_id" : "3747044c-9111-4fbe-9440-d22d1158d1c9",
  "action_id" : "33fcf5be-a5ef-444a-af71-5cb5d0eaec92",
  "structure_json" : {
    "type" : "jsonb",
    "value" : "{\"batch\": false, \"count\": null, \"joins\": [], \"limit\": null, \"nulls\": \"\", \"where\": {\"predicates\": [{\"id\": \"360ba2b5-cbd3-4d8a-b5f8-bdd329d12f34\", \"path\": \"Id\", \"type\": \"string\", \"field\": \"Id\", \"value\": \":Id\", \"isGroup\": false, \"children\": null, \"operator\": \"=\", \"operation\": null, \"soap_type\": \"ID\", \"actualType\": \"\", \"dataElementPath\": \"Id\", \"dataElementType\": \"string\"}]}, \"action\": \"Query\", \"entity\": \"{\\\"name\\\":\\\"Contact\\\",\\\"label\\\":\\\"Contact\\\",\\\"hasChildren\\\":false,\\\"mainEntity\\\":false,\\\"displayName\\\":\\\"Objects\\\"}\", \"uiConfig\": {\"keys\": [\"Id\", \"LastName\", \"FirstName\", \"Name\", \"Phone\", \"MobilePhone\", \"Email\", \"Title\", \"Description\", \"AccountId.Name\", \"AccountId.Industry\", \"AccountId\"], \"limit\": true, \"where\": true, \"orderBy\": true, \"inputKeys\": [], \"operators\": {\"where\": [\"=\", \"!=\", \">\", \"<\", \">=\", \"<=\", \"IS NOT NULL\", \"IS NULL\", \"BETWEEN\", \"IN\", \"NOT IN\", \"LIKE\"]}, \"skippable\": false, \"supportJoin\": false, \"disableFields\": false, \"metadataKeyName\": \"projections\", \"selectedTableList\": [], \"batchConfiguration\": {\"skippable\": false, \"maxBatchSize\": 0, \"batchSupported\": false}, \"includeReferenceFields\": true, \"supportsExternalFields\": false, \"supportsReferenceFields\": false}, \"allOrNone\": false, \"inputKeys\": [], \"inputFields\": {}, \"projections\": [{\"name\": \"Id\", \"path\": \"Id\", \"type\": \"string\", \"label\": \"Id\", \"checked\": true, \"readonly\": false, \"required\": false, \"soap_type\": \"ID\", \"columnIndex\": 0, \"hasChildren\": false, \"indeterminate\": false, \"inputCategory\": false, \"dataElementPath\": \"Id\", \"picklist_values\": []}, {\"name\": \"LastName\", \"path\": \"LastName\", \"type\": \"string\", \"label\": \"LastName\", \"checked\": true, \"readonly\": false, \"required\": false, \"soap_type\": \"string\", \"columnIndex\": 0, \"hasChildren\": false, \"indeterminate\": false, \"inputCategory\": false, \"dataElementPath\": \"LastName\", \"picklist_values\": []}, {\"name\": \"FirstName\", \"path\": \"FirstName\", \"type\": \"string\", \"label\": \"FirstName\", \"checked\": true, \"readonly\": false, \"required\": false, \"soap_type\": \"string\", \"columnIndex\": 0, \"hasChildren\": false, \"indeterminate\": false, \"inputCategory\": false, \"dataElementPath\": \"FirstName\", \"picklist_values\": []}, {\"name\": \"Name\", \"path\": \"Name\", \"type\": \"string\", \"label\": \"Name\", \"checked\": true, \"readonly\": false, \"required\": false, \"soap_type\": \"string\", \"columnIndex\": 0, \"hasChildren\": false, \"indeterminate\": false, \"inputCategory\": false, \"dataElementPath\": \"Name\", \"picklist_values\": []}, {\"name\": \"Phone\", \"path\": \"Phone\", \"type\": \"string\", \"label\": \"Phone\", \"checked\": true, \"readonly\": false, \"required\": false, \"soap_type\": \"string\", \"columnIndex\": 0, \"hasChildren\": false, \"indeterminate\": false, \"inputCategory\": false, \"dataElementPath\": \"Phone\", \"picklist_values\": []}, {\"name\": \"MobilePhone\", \"path\": \"MobilePhone\", \"type\": \"string\", \"label\": \"MobilePhone\", \"checked\": true, \"readonly\": false, \"required\": false, \"soap_type\": \"string\", \"columnIndex\": 0, \"hasChildren\": false, \"indeterminate\": false, \"inputCategory\": false, \"dataElementPath\": \"MobilePhone\", \"picklist_values\": []}, {\"name\": \"Email\", \"path\": \"Email\", \"type\": \"string\", \"label\": \"Email\", \"checked\": true, \"readonly\": false, \"required\": false, \"soap_type\": \"string\", \"columnIndex\": 0, \"hasChildren\": false, \"indeterminate\": false, \"inputCategory\": false, \"dataElementPath\": \"Email\", \"picklist_values\": []}, {\"name\": \"Title\", \"path\": \"Title\", \"type\": \"string\", \"label\": \"Title\", \"checked\": true, \"readonly\": false, \"required\": false, \"soap_type\": \"string\", \"columnIndex\": 0, \"hasChildren\": false, \"indeterminate\": false, \"inputCategory\": false, \"dataElementPath\": \"Title\", \"picklist_values\": []}, {\"name\": \"Description\", \"path\": \"Description\", \"type\": \"string\", \"label\": \"Description\", \"checked\": true, \"readonly\": false, \"required\": false, \"soap_type\": \"string\", \"columnIndex\": 0, \"hasChildren\": false, \"indeterminate\": false, \"inputCategory\": false, \"dataElementPath\": \"Description\", \"picklist_values\": []}, {\"key\": \"Account.AccountId\", \"name\": \"AccountId\", \"path\": \"AccountId\", \"type\": \"string\", \"label\": \"AccountId\", \"checked\": true, \"children\": [{\"key\": \"Account.Name\", \"name\": \"Name\", \"path\": \"AccountId.Name\", \"type\": \"string\", \"label\": \"Name\", \"checked\": true, \"readonly\": false, \"required\": false, \"soap_type\": \"string\", \"columnIndex\": 0, \"hasChildren\": false, \"indeterminate\": false, \"inputCategory\": false, \"picklist_values\": []}, {\"key\": \"Account.Industry\", \"name\": \"Industry\", \"path\": \"AccountId.Industry\", \"type\": \"string\", \"label\": \"Industry\", \"checked\": true, \"readonly\": false, \"required\": false, \"soap_type\": \"string\", \"columnIndex\": 0, \"hasChildren\": false, \"indeterminate\": false, \"inputCategory\": false, \"picklist_values\": [\"Agriculture\", \"Apparel\", \"Banking\", \"Biotechnology\", \"Chemicals\", \"Communications\", \"Construction\", \"Consulting\", \"Education\", \"Electronics\", \"Energy\", \"Engineering\", \"Entertainment\", \"Environmental\", \"Finance\", \"Food & Beverage\", \"Government\", \"Healthcare\", \"Hospitality\", \"Insurance\", \"Machinery\", \"Manufacturing\", \"Media\", \"Not For Profit\", \"Recreation\", \"Retail\", \"Shipping\", \"Technology\", \"Telecommunications\", \"Transportation\", \"Utilities\", \"Other\"]}], \"readonly\": false, \"required\": false, \"soap_type\": \"ID\", \"columnIndex\": 0, \"hasChildren\": true, \"referenceTo\": \"Account\", \"indeterminate\": false, \"inputCategory\": false, \"picklist_values\": [], \"relationshipName\": \"Account\", \"refObjectExtFields\": [{\"name\": \"Id\", \"type\": \"string\", \"label\": \"Id\", \"checked\": false, \"readonly\": false, \"required\": false, \"soap_type\": \"ID\", \"columnIndex\": 0, \"hasChildren\": false, \"inputCategory\": false}]}], \"externalFields\": [], \"referenceFields\": []}",
    "null" : false
  },
  "config_json" : {
    "type" : "jsonb",
    "value" : "{\"batch\": false, \"count\": null, \"joins\": [], \"limit\": null, \"nulls\": \"\", \"where\": {\"predicates\": [{\"id\": \"360ba2b5-cbd3-4d8a-b5f8-bdd329d12f34\", \"path\": \"Id\", \"type\": \"string\", \"field\": \"Id\", \"value\": \":Id\", \"isGroup\": false, \"children\": null, \"operator\": \"=\", \"operation\": null, \"soap_type\": \"ID\", \"actualType\": \"\", \"dataElementPath\": \"Id\", \"dataElementType\": \"string\"}]}, \"action\": \"Query\", \"entity\": \"{\\\"name\\\":\\\"Contact\\\",\\\"label\\\":\\\"Contact\\\",\\\"hasChildren\\\":false,\\\"mainEntity\\\":false,\\\"displayName\\\":\\\"Objects\\\"}\", \"uiConfig\": {\"keys\": [\"Id\", \"LastName\", \"FirstName\", \"Name\", \"Phone\", \"MobilePhone\", \"Email\", \"Title\", \"Description\", \"AccountId.Name\", \"AccountId.Industry\", \"AccountId\"], \"limit\": true, \"where\": true, \"orderBy\": true, \"inputKeys\": [], \"operators\": {\"where\": [\"=\", \"!=\", \">\", \"<\", \">=\", \"<=\", \"IS NOT NULL\", \"IS NULL\", \"BETWEEN\", \"IN\", \"NOT IN\", \"LIKE\"]}, \"skippable\": false, \"supportJoin\": false, \"disableFields\": false, \"metadataKeyName\": \"projections\", \"selectedTableList\": [], \"batchConfiguration\": {\"skippable\": false, \"maxBatchSize\": 0, \"batchSupported\": false}, \"includeReferenceFields\": true, \"supportsExternalFields\": false, \"supportsReferenceFields\": false}, \"allOrNone\": false, \"inputKeys\": [], \"inputFields\": {}, \"projections\": [{\"name\": \"Id\", \"path\": \"Id\", \"type\": \"string\", \"label\": \"Id\", \"checked\": true, \"readonly\": false, \"required\": false, \"soap_type\": \"ID\", \"columnIndex\": 0, \"hasChildren\": false, \"indeterminate\": false, \"inputCategory\": false, \"dataElementPath\": \"Id\", \"picklist_values\": []}, {\"name\": \"LastName\", \"path\": \"LastName\", \"type\": \"string\", \"label\": \"LastName\", \"checked\": true, \"readonly\": false, \"required\": false, \"soap_type\": \"string\", \"columnIndex\": 0, \"hasChildren\": false, \"indeterminate\": false, \"inputCategory\": false, \"dataElementPath\": \"LastName\", \"picklist_values\": []}, {\"name\": \"FirstName\", \"path\": \"FirstName\", \"type\": \"string\", \"label\": \"FirstName\", \"checked\": true, \"readonly\": false, \"required\": false, \"soap_type\": \"string\", \"columnIndex\": 0, \"hasChildren\": false, \"indeterminate\": false, \"inputCategory\": false, \"dataElementPath\": \"FirstName\", \"picklist_values\": []}, {\"name\": \"Name\", \"path\": \"Name\", \"type\": \"string\", \"label\": \"Name\", \"checked\": true, \"readonly\": false, \"required\": false, \"soap_type\": \"string\", \"columnIndex\": 0, \"hasChildren\": false, \"indeterminate\": false, \"inputCategory\": false, \"dataElementPath\": \"Name\", \"picklist_values\": []}, {\"name\": \"Phone\", \"path\": \"Phone\", \"type\": \"string\", \"label\": \"Phone\", \"checked\": true, \"readonly\": false, \"required\": false, \"soap_type\": \"string\", \"columnIndex\": 0, \"hasChildren\": false, \"indeterminate\": false, \"inputCategory\": false, \"dataElementPath\": \"Phone\", \"picklist_values\": []}, {\"name\": \"MobilePhone\", \"path\": \"MobilePhone\", \"type\": \"string\", \"label\": \"MobilePhone\", \"checked\": true, \"readonly\": false, \"required\": false, \"soap_type\": \"string\", \"columnIndex\": 0, \"hasChildren\": false, \"indeterminate\": false, \"inputCategory\": false, \"dataElementPath\": \"MobilePhone\", \"picklist_values\": []}, {\"name\": \"Email\", \"path\": \"Email\", \"type\": \"string\", \"label\": \"Email\", \"checked\": true, \"readonly\": false, \"required\": false, \"soap_type\": \"string\", \"columnIndex\": 0, \"hasChildren\": false, \"indeterminate\": false, \"inputCategory\": false, \"dataElementPath\": \"Email\", \"picklist_values\": []}, {\"name\": \"Title\", \"path\": \"Title\", \"type\": \"string\", \"label\": \"Title\", \"checked\": true, \"readonly\": false, \"required\": false, \"soap_type\": \"string\", \"columnIndex\": 0, \"hasChildren\": false, \"indeterminate\": false, \"inputCategory\": false, \"dataElementPath\": \"Title\", \"picklist_values\": []}, {\"name\": \"Description\", \"path\": \"Description\", \"type\": \"string\", \"label\": \"Description\", \"checked\": true, \"readonly\": false, \"required\": false, \"soap_type\": \"string\", \"columnIndex\": 0, \"hasChildren\": false, \"indeterminate\": false, \"inputCategory\": false, \"dataElementPath\": \"Description\", \"picklist_values\": []}, {\"key\": \"Account.AccountId\", \"name\": \"AccountId\", \"path\": \"AccountId\", \"type\": \"string\", \"label\": \"AccountId\", \"checked\": true, \"children\": [{\"key\": \"Account.Name\", \"name\": \"Name\", \"path\": \"AccountId.Name\", \"type\": \"string\", \"label\": \"Name\", \"checked\": true, \"readonly\": false, \"required\": false, \"soap_type\": \"string\", \"columnIndex\": 0, \"hasChildren\": false, \"indeterminate\": false, \"inputCategory\": false, \"picklist_values\": []}, {\"key\": \"Account.Industry\", \"name\": \"Industry\", \"path\": \"AccountId.Industry\", \"type\": \"string\", \"label\": \"Industry\", \"checked\": true, \"readonly\": false, \"required\": false, \"soap_type\": \"string\", \"columnIndex\": 0, \"hasChildren\": false, \"indeterminate\": false, \"inputCategory\": false, \"picklist_values\": [\"Agriculture\", \"Apparel\", \"Banking\", \"Biotechnology\", \"Chemicals\", \"Communications\", \"Construction\", \"Consulting\", \"Education\", \"Electronics\", \"Energy\", \"Engineering\", \"Entertainment\", \"Environmental\", \"Finance\", \"Food & Beverage\", \"Government\", \"Healthcare\", \"Hospitality\", \"Insurance\", \"Machinery\", \"Manufacturing\", \"Media\", \"Not For Profit\", \"Recreation\", \"Retail\", \"Shipping\", \"Technology\", \"Telecommunications\", \"Transportation\", \"Utilities\", \"Other\"]}], \"readonly\": false, \"required\": false, \"soap_type\": \"ID\", \"columnIndex\": 0, \"hasChildren\": true, \"referenceTo\": \"Account\", \"indeterminate\": false, \"inputCategory\": false, \"picklist_values\": [], \"relationshipName\": \"Account\", \"refObjectExtFields\": [{\"name\": \"Id\", \"type\": \"string\", \"label\": \"Id\", \"checked\": false, \"readonly\": false, \"required\": false, \"soap_type\": \"ID\", \"columnIndex\": 0, \"hasChildren\": false, \"inputCategory\": false}]}], \"externalFields\": [], \"referenceFields\": []}",
    "null" : false
  },
  "display_query" : "SELECT Id , LastName , FirstName , Name , Phone , MobilePhone , Email , Title , Description , Account.Name , Account.Industry FROM Contact WHERE Id = :where_Id ",
  "input_structure" : {
    "type" : "jsonb",
    "value" : "[{\"key\": \"/GetSFDCContactByIdInput\", \"type\": \"object\", \"order\": 1.0, \"title\": \"GetSFDCContactByIdInput\", \"children\": [{\"key\": \"/GetSFDCContactByIdInput/where\", \"type\": \"object\", \"order\": 2.0, \"title\": \"where\", \"value\": {\"type\": \"object\"}, \"children\": [{\"key\": \"/GetSFDCContactByIdInput/where/where_Id\", \"type\": \"string\", \"order\": 3.0, \"title\": \"Id\", \"value\": {\"type\": \"string\"}, \"childrenSet\": false, \"hasChildren\": false, \"dataElementType\": \"string\", \"encryption_required\": false}], \"childrenSet\": false, \"hasChildren\": false, \"dataElementType\": \"document\", \"encryption_required\": false}], \"childrenSet\": false, \"hasChildren\": false, \"dataElementType\": \"document\", \"encryption_required\": false}]",
    "null" : false
  },
  "output_structure" : {
    "type" : "jsonb",
    "value" : "[{\"key\": \"/GetSFDCContactByIdOutput\", \"type\": \"object\", \"order\": 1.0, \"title\": \"GetSFDCContactByIdOutput\", \"children\": [{\"key\": \"/GetSFDCContactByIdOutput/success\", \"type\": \"boolean\", \"order\": 2.0, \"title\": \"success\", \"childrenSet\": false, \"hasChildren\": false, \"dataElementType\": \"boolean\", \"encryption_required\": false}, {\"key\": \"/GetSFDCContactByIdOutput/statusCode\", \"type\": \"integer\", \"order\": 3.0, \"title\": \"statusCode\", \"childrenSet\": false, \"hasChildren\": false, \"dataElementType\": \"integer\", \"encryption_required\": false}, {\"key\": \"/GetSFDCContactByIdOutput/response\", \"type\": \"object\", \"order\": 4.0, \"title\": \"response\", \"value\": {\"type\": \"object\"}, \"children\": [{\"key\": \"/GetSFDCContactByIdOutput/response/done\", \"type\": \"boolean\", \"order\": 5.0, \"title\": \"done\", \"value\": {\"type\": \"boolean\"}, \"childrenSet\": false, \"hasChildren\": false, \"dataElementType\": \"boolean\", \"encryption_required\": false}, {\"key\": \"/GetSFDCContactByIdOutput/response/totalSize\", \"type\": \"number\", \"order\": 6.0, \"title\": \"totalSize\", \"value\": {\"type\": \"number\"}, \"childrenSet\": false, \"hasChildren\": false, \"dataElementType\": \"number\", \"encryption_required\": false}, {\"key\": \"/GetSFDCContactByIdOutput/response/nextRecordsUrl\", \"type\": \"string\", \"order\": 7.0, \"title\": \"nextRecordsUrl\", \"value\": {\"type\": \"string\"}, \"childrenSet\": false, \"hasChildren\": false, \"dataElementType\": \"string\", \"encryption_required\": false}, {\"key\": \"/GetSFDCContactByIdOutput/response/records[]\", \"type\": \"array\", \"order\": 8.0, \"title\": \"records\", \"value\": {\"type\": \"array\"}, \"children\": [{\"key\": \"/GetSFDCContactByIdOutput/response/records[]/Id\", \"type\": \"string\", \"order\": 9.0, \"title\": \"Id\", \"value\": {\"type\": \"string\"}, \"childrenSet\": false, \"hasChildren\": false, \"dataElementType\": \"string\", \"encryption_required\": false}, {\"key\": \"/GetSFDCContactByIdOutput/response/records[]/LastName\", \"type\": \"string\", \"order\": 10.0, \"title\": \"LastName\", \"value\": {\"type\": \"string\"}, \"childrenSet\": false, \"hasChildren\": false, \"dataElementType\": \"string\", \"encryption_required\": false}, {\"key\": \"/GetSFDCContactByIdOutput/response/records[]/FirstName\", \"type\": \"string\", \"order\": 11.0, \"title\": \"FirstName\", \"value\": {\"type\": \"string\"}, \"childrenSet\": false, \"hasChildren\": false, \"dataElementType\": \"string\", \"encryption_required\": false}, {\"key\": \"/GetSFDCContactByIdOutput/response/records[]/Name\", \"type\": \"string\", \"order\": 12.0, \"title\": \"Name\", \"value\": {\"type\": \"string\"}, \"childrenSet\": false, \"hasChildren\": false, \"dataElementType\": \"string\", \"encryption_required\": false}, {\"key\": \"/GetSFDCContactByIdOutput/response/records[]/Phone\", \"type\": \"string\", \"order\": 13.0, \"title\": \"Phone\", \"value\": {\"type\": \"string\"}, \"childrenSet\": false, \"hasChildren\": false, \"dataElementType\": \"string\", \"encryption_required\": false}, {\"key\": \"/GetSFDCContactByIdOutput/response/records[]/MobilePhone\", \"type\": \"string\", \"order\": 14.0, \"title\": \"MobilePhone\", \"value\": {\"type\": \"string\"}, \"childrenSet\": false, \"hasChildren\": false, \"dataElementType\": \"string\", \"encryption_required\": false}, {\"key\": \"/GetSFDCContactByIdOutput/response/records[]/Email\", \"type\": \"string\", \"order\": 15.0, \"title\": \"Email\", \"value\": {\"type\": \"string\"}, \"childrenSet\": false, \"hasChildren\": false, \"dataElementType\": \"string\", \"encryption_required\": false}, {\"key\": \"/GetSFDCContactByIdOutput/response/records[]/Title\", \"type\": \"string\", \"order\": 16.0, \"title\": \"Title\", \"value\": {\"type\": \"string\"}, \"childrenSet\": false, \"hasChildren\": false, \"dataElementType\": \"string\", \"encryption_required\": false}, {\"key\": \"/GetSFDCContactByIdOutput/response/records[]/Description\", \"type\": \"string\", \"order\": 17.0, \"title\": \"Description\", \"value\": {\"type\": \"string\"}, \"childrenSet\": false, \"hasChildren\": false, \"dataElementType\": \"string\", \"encryption_required\": false}, {\"key\": \"/GetSFDCContactByIdOutput/response/records[]/Account_Name\", \"type\": \"string\", \"order\": 18.0, \"title\": \"Account_Name\", \"value\": {\"type\": \"string\"}, \"childrenSet\": false, \"hasChildren\": false, \"dataElementType\": \"string\", \"encryption_required\": false}, {\"key\": \"/GetSFDCContactByIdOutput/response/records[]/Account_Industry\", \"type\": \"string\", \"order\": 19.0, \"title\": \"Account_Industry\", \"value\": {\"type\": \"string\"}, \"childrenSet\": false, \"hasChildren\": false, \"dataElementType\": \"string\", \"encryption_required\": false}], \"childrenSet\": false, \"hasChildren\": false, \"dataElementType\": \"documentArray\", \"encryption_required\": false}], \"childrenSet\": false, \"hasChildren\": false, \"dataElementType\": \"document\", \"encryption_required\": false}, {\"key\": \"/GetSFDCContactByIdOutput/errors[]\", \"type\": \"array\", \"order\": 20.0, \"title\": \"errors\", \"children\": [{\"key\": \"/GetSFDCContactByIdOutput/errors[]/fields[]\", \"type\": \"stringArray\", \"order\": 21.0, \"title\": \"fields\", \"childrenSet\": false, \"hasChildren\": false, \"dataElementType\": \"stringArray\", \"encryption_required\": false}, {\"key\": \"/GetSFDCContactByIdOutput/errors[]/message\", \"type\": \"string\", \"order\": 22.0, \"title\": \"message\", \"childrenSet\": false, \"hasChildren\": false, \"dataElementType\": \"string\", \"encryption_required\": false}, {\"key\": \"/GetSFDCContactByIdOutput/errors[]/errorCode\", \"type\": \"string\", \"order\": 23.0, \"title\": \"errorCode\", \"childrenSet\": false, \"hasChildren\": false, \"dataElementType\": \"string\", \"encryption_required\": false}], \"childrenSet\": false, \"hasChildren\": false, \"dataElementType\": \"documentArray\", \"encryption_required\": false}, {\"key\": \"/GetSFDCContactByIdOutput/responseHeaders\", \"type\": \"object\", \"order\": 24.0, \"title\": \"responseHeaders\", \"children\": [], \"childrenSet\": false, \"hasChildren\": false, \"dataElementType\": \"document\", \"encryption_required\": false}], \"childrenSet\": false, \"hasChildren\": false, \"dataElementType\": \"document\", \"encryption_required\": false}]",
    "null" : false
  },
  "description" : "GetSFDCContactById",
  "comments" : "",
  "db_query" : "SELECT Id , LastName , FirstName , Name , Phone , MobilePhone , Email , Title , Description , Account.Name , Account.Industry FROM Contact WHERE Id = :where_Id ",
  "tag" : "V4",
  "active" : false,
  "is_changed" : false,
  "endpoint_tag" : "EMPTY",
  "endpoint_project_id" : "9637deb1-c20b-4883-89fe-94ddeddc185c",
  "endpoint_project_tag" : "EMPTY",
  "comment" : "Removed PII from OpenAI call as it was not really necessary",
  "input_data_object_id" : null,
  "input_data_object_tag" : "EMPTY",
  "input_data_object_project_id" : null,
  "input_data_object_project_tag" : "EMPTY",
  "output_data_object_id" : null,
  "output_data_object_tag" : "EMPTY",
  "output_data_object_project_id" : null,
  "output_data_object_project_tag" : "EMPTY",
  "base_tag" : "V3",
  "endpoint_project_mode_id" : "112c1cb8-4b9e-4d1a-a042-0bd031dc7d05",
  "input_data_object_project_mode_id" : "112c1cb8-4b9e-4d1a-a042-0bd031dc7d05",
  "output_data_object_project_mode_id" : "112c1cb8-4b9e-4d1a-a042-0bd031dc7d05",
  "test_input" : {
    "type" : "jsonb",
    "value" : "{}",
    "null" : false
  },
  "test_input_structure" : {
    "type" : "jsonb",
    "value" : "[]",
    "null" : false
  }
}