{
  "id" : "1f4706f6-5300-49b3-9773-1acfc2b23e37",
  "name" : "SFDCContactPush",
  "component_id" : "f9e692b6-2d3f-4aa8-be08-38ccc97babd0",
  "endpoint_id" : "3747044c-9111-4fbe-9440-d22d1158d1c9",
  "action_id" : "1fd53c4e-4c2b-46dc-8763-b7a2c9291e44",
  "structure_json" : {
    "type" : "jsonb",
    "value" : "{\"batch\": false, \"count\": null, \"joins\": [], \"limit\": null, \"nulls\": \"\", \"where\": {\"predicates\": []}, \"action\": \"SubscribePushTopic\", \"entity\": \"{\\\"name\\\":\\\"/topic/ContactPush\\\",\\\"label\\\":\\\"/topic/ContactPush\\\",\\\"query\\\":\\\"SELECT Id, Name, Phone, Email FROM Contact\\\",\\\"hasChildren\\\":false,\\\"mainEntity\\\":false,\\\"displayName\\\":\\\"Objects\\\"}\", \"replayId\": -1, \"uiConfig\": {\"keys\": [\"Id\", \"Name\", \"Phone\", \"Email\"], \"limit\": false, \"where\": false, \"options\": {\"replayId\": [{\"label\": \"RECEIVE_NEW_EVENTS\", \"value\": -1, \"default\": true}, {\"label\": \"RECEIVE_ALL_EVENTS\", \"value\": -2}]}, \"orderBy\": false, \"inputKeys\": [], \"operators\": {\"where\": [\"=\", \"!=\", \">\", \"<\", \">=\", \"<=\", \"IS NOT NULL\", \"IS NULL\", \"BETWEEN\", \"IN\", \"NOT IN\", \"LIKE\"]}, \"skippable\": false, \"supportJoin\": false, \"disableFields\": true, \"metadataKeyName\": \"projections\", \"selectedTableList\": [], \"batchConfiguration\": {\"skippable\": false, \"maxBatchSize\": 0, \"batchSupported\": false}, \"includeReferenceFields\": false, \"supportsExternalFields\": false, \"supportsReferenceFields\": true}, \"allOrNone\": false, \"inputKeys\": [], \"inputFields\": {}, \"projections\": [{\"name\": \"Id\", \"path\": \"Id\", \"type\": \"string\", \"label\": \"Id\", \"checked\": true, \"readonly\": false, \"required\": false, \"soap_type\": \"ID\", \"columnIndex\": 0, \"hasChildren\": false, \"inputCategory\": false, \"dataElementPath\": \"Id\", \"picklist_values\": []}, {\"name\": \"Name\", \"path\": \"Name\", \"type\": \"string\", \"label\": \"Name\", \"checked\": true, \"readonly\": false, \"required\": false, \"soap_type\": \"string\", \"columnIndex\": 0, \"hasChildren\": false, \"inputCategory\": false, \"dataElementPath\": \"Name\", \"picklist_values\": []}, {\"name\": \"Phone\", \"path\": \"Phone\", \"type\": \"string\", \"label\": \"Phone\", \"checked\": true, \"readonly\": false, \"required\": false, \"soap_type\": \"string\", \"columnIndex\": 0, \"hasChildren\": false, \"inputCategory\": false, \"dataElementPath\": \"Phone\", \"picklist_values\": []}, {\"name\": \"Email\", \"path\": \"Email\", \"type\": \"string\", \"label\": \"Email\", \"checked\": true, \"readonly\": false, \"required\": false, \"soap_type\": \"string\", \"columnIndex\": 0, \"hasChildren\": false, \"inputCategory\": false, \"dataElementPath\": \"Email\", \"picklist_values\": []}], \"externalFields\": [], \"referenceFields\": []}",
    "null" : false
  },
  "config_json" : {
    "type" : "jsonb",
    "value" : "{\"batch\": false, \"count\": null, \"joins\": [], \"limit\": null, \"nulls\": \"\", \"where\": {\"predicates\": []}, \"action\": \"SubscribePushTopic\", \"entity\": \"{\\\"name\\\":\\\"/topic/ContactPush\\\",\\\"label\\\":\\\"/topic/ContactPush\\\",\\\"query\\\":\\\"SELECT Id, Name, Phone, Email FROM Contact\\\",\\\"hasChildren\\\":false,\\\"mainEntity\\\":false,\\\"displayName\\\":\\\"Objects\\\"}\", \"replayId\": -1, \"uiConfig\": {\"keys\": [\"Id\", \"Name\", \"Phone\", \"Email\"], \"limit\": false, \"where\": false, \"options\": {\"replayId\": [{\"label\": \"RECEIVE_NEW_EVENTS\", \"value\": -1, \"default\": true}, {\"label\": \"RECEIVE_ALL_EVENTS\", \"value\": -2}]}, \"orderBy\": false, \"inputKeys\": [], \"operators\": {\"where\": [\"=\", \"!=\", \">\", \"<\", \">=\", \"<=\", \"IS NOT NULL\", \"IS NULL\", \"BETWEEN\", \"IN\", \"NOT IN\", \"LIKE\"]}, \"skippable\": false, \"supportJoin\": false, \"disableFields\": true, \"metadataKeyName\": \"projections\", \"selectedTableList\": [], \"batchConfiguration\": {\"skippable\": false, \"maxBatchSize\": 0, \"batchSupported\": false}, \"includeReferenceFields\": false, \"supportsExternalFields\": false, \"supportsReferenceFields\": true}, \"allOrNone\": false, \"inputKeys\": [], \"inputFields\": {}, \"projections\": [{\"name\": \"Id\", \"path\": \"Id\", \"type\": \"string\", \"label\": \"Id\", \"checked\": true, \"readonly\": false, \"required\": false, \"soap_type\": \"ID\", \"columnIndex\": 0, \"hasChildren\": false, \"inputCategory\": false, \"dataElementPath\": \"Id\", \"picklist_values\": []}, {\"name\": \"Name\", \"path\": \"Name\", \"type\": \"string\", \"label\": \"Name\", \"checked\": true, \"readonly\": false, \"required\": false, \"soap_type\": \"string\", \"columnIndex\": 0, \"hasChildren\": false, \"inputCategory\": false, \"dataElementPath\": \"Name\", \"picklist_values\": []}, {\"name\": \"Phone\", \"path\": \"Phone\", \"type\": \"string\", \"label\": \"Phone\", \"checked\": true, \"readonly\": false, \"required\": false, \"soap_type\": \"string\", \"columnIndex\": 0, \"hasChildren\": false, \"inputCategory\": false, \"dataElementPath\": \"Phone\", \"picklist_values\": []}, {\"name\": \"Email\", \"path\": \"Email\", \"type\": \"string\", \"label\": \"Email\", \"checked\": true, \"readonly\": false, \"required\": false, \"soap_type\": \"string\", \"columnIndex\": 0, \"hasChildren\": false, \"inputCategory\": false, \"dataElementPath\": \"Email\", \"picklist_values\": []}], \"externalFields\": [], \"referenceFields\": []}",
    "null" : false
  },
  "display_query" : "",
  "input_structure" : {
    "type" : "jsonb",
    "value" : "[{\"key\": \"/SFDCContactPushInput\", \"type\": \"object\", \"order\": 1.0, \"title\": \"SFDCContactPushInput\", \"children\": [{\"key\": \"/SFDCContactPushInput/replayId\", \"type\": \"number\", \"order\": 2.0, \"title\": \"replayId\", \"childrenSet\": false, \"hasChildren\": false, \"dataElementType\": \"number\", \"encryption_required\": false}], \"childrenSet\": false, \"hasChildren\": false, \"dataElementType\": \"document\", \"encryption_required\": false}]",
    "null" : false
  },
  "output_structure" : {
    "type" : "jsonb",
    "value" : "[{\"key\": \"/SFDCContactPushOutput\", \"type\": \"object\", \"order\": 1.0, \"title\": \"SFDCContactPushOutput\", \"children\": [{\"key\": \"/SFDCContactPushOutput/event\", \"type\": \"object\", \"order\": 2.0, \"title\": \"event\", \"children\": [{\"key\": \"/SFDCContactPushOutput/event/replayId\", \"type\": \"number\", \"order\": 3.0, \"title\": \"replayId\", \"childrenSet\": false, \"hasChildren\": false, \"dataElementType\": \"number\", \"encryption_required\": false}, {\"key\": \"/SFDCContactPushOutput/event/type\", \"type\": \"string\", \"order\": 4.0, \"title\": \"type\", \"childrenSet\": false, \"hasChildren\": false, \"dataElementType\": \"string\", \"encryption_required\": false}, {\"key\": \"/SFDCContactPushOutput/event/createdDate\", \"type\": \"string\", \"order\": 5.0, \"title\": \"createdDate\", \"childrenSet\": false, \"hasChildren\": false, \"dataElementType\": \"string\", \"encryption_required\": false}], \"childrenSet\": false, \"hasChildren\": false, \"dataElementType\": \"document\", \"encryption_required\": false}, {\"key\": \"/SFDCContactPushOutput/sobject\", \"type\": \"object\", \"order\": 6.0, \"title\": \"sobject\", \"children\": [{\"key\": \"/SFDCContactPushOutput/sobject/Id\", \"type\": \"string\", \"order\": 7.0, \"title\": \"Id\", \"value\": {\"type\": \"string\"}, \"childrenSet\": false, \"hasChildren\": false, \"dataElementType\": \"string\", \"encryption_required\": false}, {\"key\": \"/SFDCContactPushOutput/sobject/Name\", \"type\": \"string\", \"order\": 8.0, \"title\": \"Name\", \"value\": {\"type\": \"string\"}, \"childrenSet\": false, \"hasChildren\": false, \"dataElementType\": \"string\", \"encryption_required\": false}, {\"key\": \"/SFDCContactPushOutput/sobject/Phone\", \"type\": \"string\", \"order\": 9.0, \"title\": \"Phone\", \"value\": {\"type\": \"string\"}, \"childrenSet\": false, \"hasChildren\": false, \"dataElementType\": \"string\", \"encryption_required\": false}, {\"key\": \"/SFDCContactPushOutput/sobject/Email\", \"type\": \"string\", \"order\": 10.0, \"title\": \"Email\", \"value\": {\"type\": \"string\"}, \"childrenSet\": false, \"hasChildren\": false, \"dataElementType\": \"string\", \"encryption_required\": false}], \"childrenSet\": false, \"hasChildren\": true, \"dataElementType\": \"document\", \"encryption_required\": false}], \"childrenSet\": false, \"hasChildren\": false, \"dataElementType\": \"document\", \"encryption_required\": false}]",
    "null" : false
  },
  "description" : "SFDCContactPush",
  "comments" : "",
  "db_query" : "",
  "tag" : "V2",
  "active" : false,
  "is_changed" : false,
  "endpoint_tag" : "EMPTY",
  "endpoint_project_id" : "9637deb1-c20b-4883-89fe-94ddeddc185c",
  "endpoint_project_tag" : "EMPTY",
  "comment" : "Added get all contacts method",
  "input_data_object_id" : null,
  "input_data_object_tag" : "EMPTY",
  "input_data_object_project_id" : null,
  "input_data_object_project_tag" : "EMPTY",
  "output_data_object_id" : null,
  "output_data_object_tag" : "EMPTY",
  "output_data_object_project_id" : null,
  "output_data_object_project_tag" : "EMPTY",
  "base_tag" : "V1",
  "endpoint_project_mode_id" : "112c1cb8-4b9e-4d1a-a042-0bd031dc7d05",
  "input_data_object_project_mode_id" : "112c1cb8-4b9e-4d1a-a042-0bd031dc7d05",
  "output_data_object_project_mode_id" : "112c1cb8-4b9e-4d1a-a042-0bd031dc7d05",
  "test_input" : {
    "type" : "jsonb",
    "value" : "{}",
    "null" : false
  },
  "test_input_structure" : {
    "type" : "jsonb",
    "value" : "[]",
    "null" : false
  }
}