{
  "id" : "2a4e5da9-7e73-429e-a531-50d7e8be3b0b",
  "type" : "apikey",
  "project_tag" : "V3",
  "name" : "API Key",
  "description" : "API Key",
  "apikey_key_name" : "x-api-key",
  "entity_id" : "8b3b0999-ae10-419e-844f-869c7134c35f",
  "jwks_uri" : null,
  "jwks_timeout" : null,
  "cache_duration" : null,
  "clock_skew" : null,
  "client_id_key" : null,
  "issuer" : null,
  "audiences" : {
    "type" : "jsonb",
    "value" : "[]",
    "null" : false
  },
  "flows" : {
    "type" : "jsonb",
    "value" : "[]",
    "null" : false
  },
  "scopes" : {
    "type" : "jsonb",
    "value" : "{}",
    "null" : false
  },
  "scopes_claim" : "scp",
  "forward_credentials_on_success" : false,
  "forward_payload_header" : null,
  "identity_provider_id" : null,
  "apikey_location" : "HEADER"
}