{
  "id" : "f279e25d-6604-473b-8547-f14c8fb51ce8",
  "name" : "GetEnhancedContact",
  "description" : "GetEnhancedContact",
  "iserror" : false,
  "no_of_errors" : 0,
  "service_input" : {
    "type" : "jsonb",
    "value" : "[{\"id\": \"479a28d4-81db-47d5-ada0-118c6ee45b59\", \"key\": \"/GetEnhancedContactInput\", \"type\": \"object\", \"order\": 1.0, \"title\": \"GetEnhancedContactInput\", \"value\": {\"type\": \"object\"}, \"isLeaf\": false, \"children\": [{\"id\": \"fbebfb38-f94f-48c8-ad63-84bf211662a0\", \"key\": \"/GetEnhancedContactInput/GetSFDCContactByIdOutput\", \"type\": \"node\", \"order\": 1.0, \"title\": \"GetSFDCContactByIdOutput\", \"value\": {}, \"children\": [{\"key\": \"/GetEnhancedContactInput/GetSFDCContactByIdOutput/success\", \"type\": \"boolean\", \"order\": 2.0, \"title\": \"success\", \"childrenSet\": false, \"hasChildren\": false, \"dataElementType\": \"boolean\", \"encryption_required\": false}, {\"key\": \"/GetEnhancedContactInput/GetSFDCContactByIdOutput/statusCode\", \"type\": \"integer\", \"order\": 3.0, \"title\": \"statusCode\", \"childrenSet\": false, \"hasChildren\": false, \"dataElementType\": \"integer\", \"encryption_required\": false}, {\"key\": \"/GetEnhancedContactInput/GetSFDCContactByIdOutput/response\", \"type\": \"object\", \"order\": 4.0, \"title\": \"response\", \"value\": {\"type\": \"object\"}, \"children\": [{\"key\": \"/GetEnhancedContactInput/GetSFDCContactByIdOutput/response/done\", \"type\": \"boolean\", \"order\": 5.0, \"title\": \"done\", \"value\": {\"type\": \"boolean\"}, \"childrenSet\": false, \"hasChildren\": false, \"dataElementType\": \"boolean\", \"encryption_required\": false}, {\"key\": \"/GetEnhancedContactInput/GetSFDCContactByIdOutput/response/totalSize\", \"type\": \"number\", \"order\": 6.0, \"title\": \"totalSize\", \"value\": {\"type\": \"number\"}, \"childrenSet\": false, \"hasChildren\": false, \"dataElementType\": \"number\", \"encryption_required\": false}, {\"key\": \"/GetEnhancedContactInput/GetSFDCContactByIdOutput/response/nextRecordsUrl\", \"type\": \"string\", \"order\": 7.0, \"title\": \"nextRecordsUrl\", \"value\": {\"type\": \"string\"}, \"childrenSet\": false, \"hasChildren\": false, \"dataElementType\": \"string\", \"encryption_required\": false}, {\"key\": \"/GetEnhancedContactInput/GetSFDCContactByIdOutput/response/records[]\", \"type\": \"array\", \"order\": 8.0, \"title\": \"records\", \"value\": {\"type\": \"array\"}, \"children\": [{\"key\": \"/GetEnhancedContactInput/GetSFDCContactByIdOutput/response/records[]/Id\", \"type\": \"string\", \"order\": 9.0, \"title\": \"Id\", \"value\": {\"type\": \"string\"}, \"childrenSet\": false, \"hasChildren\": false, \"dataElementType\": \"string\", \"encryption_required\": false}, {\"key\": \"/GetEnhancedContactInput/GetSFDCContactByIdOutput/response/records[]/LastName\", \"type\": \"string\", \"order\": 10.0, \"title\": \"LastName\", \"value\": {\"type\": \"string\"}, \"childrenSet\": false, \"hasChildren\": false, \"dataElementType\": \"string\", \"encryption_required\": false}, {\"key\": \"/GetEnhancedContactInput/GetSFDCContactByIdOutput/response/records[]/FirstName\", \"type\": \"string\", \"order\": 11.0, \"title\": \"FirstName\", \"value\": {\"type\": \"string\"}, \"childrenSet\": false, \"hasChildren\": false, \"dataElementType\": \"string\", \"encryption_required\": false}, {\"key\": \"/GetEnhancedContactInput/GetSFDCContactByIdOutput/response/records[]/Name\", \"type\": \"string\", \"order\": 12.0, \"title\": \"Name\", \"value\": {\"type\": \"string\"}, \"childrenSet\": false, \"hasChildren\": false, \"dataElementType\": \"string\", \"encryption_required\": false}, {\"key\": \"/GetEnhancedContactInput/GetSFDCContactByIdOutput/response/records[]/Phone\", \"type\": \"string\", \"order\": 13.0, \"title\": \"Phone\", \"value\": {\"type\": \"string\"}, \"childrenSet\": false, \"hasChildren\": false, \"dataElementType\": \"string\", \"encryption_required\": false}, {\"key\": \"/GetEnhancedContactInput/GetSFDCContactByIdOutput/response/records[]/MobilePhone\", \"type\": \"string\", \"order\": 14.0, \"title\": \"MobilePhone\", \"value\": {\"type\": \"string\"}, \"childrenSet\": false, \"hasChildren\": false, \"dataElementType\": \"string\", \"encryption_required\": false}, {\"key\": \"/GetEnhancedContactInput/GetSFDCContactByIdOutput/response/records[]/Email\", \"type\": \"string\", \"order\": 15.0, \"title\": \"Email\", \"value\": {\"type\": \"string\"}, \"childrenSet\": false, \"hasChildren\": false, \"dataElementType\": \"string\", \"encryption_required\": false}, {\"key\": \"/GetEnhancedContactInput/GetSFDCContactByIdOutput/response/records[]/Title\", \"type\": \"string\", \"order\": 16.0, \"title\": \"Title\", \"value\": {\"type\": \"string\"}, \"childrenSet\": false, \"hasChildren\": false, \"dataElementType\": \"string\", \"encryption_required\": false}, {\"key\": \"/GetEnhancedContactInput/GetSFDCContactByIdOutput/response/records[]/Description\", \"type\": \"string\", \"order\": 17.0, \"title\": \"Description\", \"value\": {\"type\": \"string\"}, \"childrenSet\": false, \"hasChildren\": false, \"dataElementType\": \"string\", \"encryption_required\": false}, {\"key\": \"/GetEnhancedContactInput/GetSFDCContactByIdOutput/response/records[]/Account_Name\", \"type\": \"string\", \"order\": 18.0, \"title\": \"Account_Name\", \"value\": {\"type\": \"string\"}, \"childrenSet\": false, \"hasChildren\": false, \"dataElementType\": \"string\", \"encryption_required\": false}, {\"key\": \"/GetEnhancedContactInput/GetSFDCContactByIdOutput/response/records[]/Account_Industry\", \"type\": \"string\", \"order\": 19.0, \"title\": \"Account_Industry\", \"value\": {\"type\": \"string\"}, \"childrenSet\": false, \"hasChildren\": false, \"dataElementType\": \"string\", \"encryption_required\": false}], \"childrenSet\": false, \"hasChildren\": true, \"dataElementType\": \"documentArray\", \"encryption_required\": false}], \"childrenSet\": false, \"hasChildren\": true, \"dataElementType\": \"document\", \"encryption_required\": false}, {\"key\": \"/GetEnhancedContactInput/GetSFDCContactByIdOutput/errors[]\", \"type\": \"array\", \"order\": 20.0, \"title\": \"errors\", \"children\": [{\"key\": \"/GetEnhancedContactInput/GetSFDCContactByIdOutput/errors[]/fields[]\", \"type\": \"stringArray\", \"order\": 21.0, \"title\": \"fields\", \"childrenSet\": false, \"hasChildren\": false, \"dataElementType\": \"stringArray\", \"encryption_required\": false}, {\"key\": \"/GetEnhancedContactInput/GetSFDCContactByIdOutput/errors[]/message\", \"type\": \"string\", \"order\": 22.0, \"title\": \"message\", \"childrenSet\": false, \"hasChildren\": false, \"dataElementType\": \"string\", \"encryption_required\": false}, {\"key\": \"/GetEnhancedContactInput/GetSFDCContactByIdOutput/errors[]/errorCode\", \"type\": \"string\", \"order\": 23.0, \"title\": \"errorCode\", \"childrenSet\": false, \"hasChildren\": false, \"dataElementType\": \"string\", \"encryption_required\": false}], \"childrenSet\": false, \"hasChildren\": true, \"dataElementType\": \"documentArray\", \"encryption_required\": false}, {\"key\": \"/GetEnhancedContactInput/GetSFDCContactByIdOutput/responseHeaders\", \"type\": \"object\", \"order\": 24.0, \"title\": \"responseHeaders\", \"children\": [], \"childrenSet\": false, \"hasChildren\": false, \"dataElementType\": \"document\", \"encryption_required\": false}], \"editAllow\": true, \"childrenSet\": false, \"hasChildren\": false, \"dataElementType\": \"document\", \"encryption_required\": false}], \"childrenSet\": false, \"hasChildren\": false, \"dataElementType\": \"document\", \"encryption_required\": false}]",
    "null" : false
  },
  "service_output" : {
    "type" : "jsonb",
    "value" : "[{\"id\": \"5741e523-271b-48d8-8c59-7959a3350cb0\", \"key\": \"/GetEnhancedContactOutput\", \"type\": \"object\", \"order\": 1.0, \"title\": \"GetEnhancedContactOutput\", \"value\": {\"type\": \"object\"}, \"isLeaf\": false, \"children\": [{\"id\": \"a2d294c2-3a5b-4b74-82e0-babbd921d658\", \"key\": \"/GetEnhancedContactOutput/ResponseStatus\", \"type\": \"node\", \"order\": 1.0, \"title\": \"ResponseStatus\", \"value\": {\"type\": \"string\"}, \"children\": [], \"editAllow\": true, \"childrenSet\": false, \"hasChildren\": false, \"dataElementType\": \"string\", \"encryption_required\": false}, {\"id\": \"b7a32b9c-19d2-47bf-88ab-e1915ec1243d\", \"key\": \"/GetEnhancedContactOutput/ResponseBody\", \"type\": \"node\", \"order\": 1.0, \"title\": \"ResponseBody\", \"value\": {\"type\": \"array\"}, \"children\": [], \"editAllow\": true, \"childrenSet\": false, \"hasChildren\": false, \"dataElementType\": \"document\", \"encryption_required\": false}], \"childrenSet\": false, \"hasChildren\": false, \"dataElementType\": \"document\", \"encryption_required\": false}]",
    "null" : false
  },
  "service_input_json_schema" : {
    "type" : "jsonb",
    "value" : "{\"required\": [], \"properties\": {\"GetEnhancedContactInput\": {\"type\": \"object\", \"required\": [], \"properties\": {\"GetSFDCContactByIdOutput\": {}}, \"additionalProperties\": false}}, \"additionalProperties\": false}",
    "null" : false
  },
  "service_output_json_schema" : {
    "type" : "jsonb",
    "value" : "{\"required\": [], \"properties\": {\"GetEnhancedContactOutput\": {\"type\": \"object\", \"required\": [], \"properties\": {\"ResponseBody\": {\"type\": \"array\"}, \"ResponseStatus\": {\"type\": \"string\"}}, \"additionalProperties\": false}}, \"additionalProperties\": false}",
    "null" : false
  },
  "type" : "SERVICE",
  "error_handler" : false,
  "tag" : "V4",
  "active" : false,
  "is_changed" : true,
  "comment" : "Removed PII from OpenAI call as it was not really necessary",
  "base_tag" : "V3",
  "test_input" : {
    "type" : "jsonb",
    "value" : "{}",
    "null" : false
  },
  "test_input_structure" : {
    "type" : "jsonb",
    "value" : "[]",
    "null" : false
  }
}