{
  "id" : "3594eee2-d1d8-473a-bf6c-7a0fb6dfc66e",
  "name" : "OpenAI OpenAPI LBG",
  "description" : null,
  "connection_config" : null,
  "endpoint_type_id" : "2bff6c0d-ce49-4f0c-9906-620b22ff9b1e",
  "enabled" : true,
  "bean_name" : "OpenAI-3594eee2-d1d8-473a-bf6c-7a0fb6dfc66e",
  "status" : {
    "type" : "jsonb",
    "value" : "{\"112c1cb8-4b9e-4d1a-a042-0bd031dc7d05\": true, \"81e359da-9454-40ba-b968-1273a3b8e37b\": true, \"bdf2e4f5-a195-40b5-a82a-1d76ab30e077\": true}",
    "null" : false
  },
  "auth_token_config" : {
    "type" : "jsonb",
    "value" : "{}",
    "null" : false
  },
  "avatar_id" : null,
  "tag" : "V4",
  "active" : false,
  "is_changed" : false,
  "comment" : "Removed PII from OpenAI call as it was not really necessary",
  "is_error" : false,
  "base_tag" : "V3"
}