{
  "id" : "9637deb1-c20b-4883-89fe-94ddeddc185c",
  "name" : "EnhancedContactAPI",
  "createdOn" : "2025-02-26T21:56:55.044",
  "modifiedOn" : "2025-10-30T18:38:51.526",
  "createdBy" : "fbe89da3-e0bb-4982-bd59-d46f52883257",
  "modifiedBy" : "fbe89da3-e0bb-4982-bd59-d46f52883257",
  "projectDescription" : "EnhancedContactAPI",
  "active" : false,
  "tag" : "V4",
  "comment" : "Removed PII from OpenAI call as it was not really necessary",
  "baseTag" : "V3",
  "modeId" : "112c1cb8-4b9e-4d1a-a042-0bd031dc7d05",
  "deployedOn" : null,
  "details" : null,
  "projectType" : "Fusion"
}