{
  "id" : "078253e3-0443-4049-9093-b602c4126317",
  "name" : "GetEnhancedContact",
  "description" : "GetEnhancedContact",
  "iserror" : false,
  "no_of_errors" : 0,
  "service_input" : null,
  "service_output" : null,
  "service_input_json_schema" : null,
  "service_output_json_schema" : null,
  "type" : "EVENTDRIVEN",
  "error_handler" : false,
  "tag" : "V2",
  "active" : false,
  "is_changed" : true,
  "comment" : "Added get all contacts method",
  "base_tag" : "V1",
  "test_input" : {
    "type" : "jsonb",
    "value" : "[]",
    "null" : false
  },
  "test_input_structure" : {
    "type" : "jsonb",
    "value" : "[]",
    "null" : false
  }
}