{
  "id" : "a4583d49-4238-4463-b10b-f29fe7bf1a8c",
  "name" : "GetEnhancedContactService",
  "description" : "GetEnhancedContactService",
  "iserror" : false,
  "no_of_errors" : 0,
  "service_input" : {
    "type" : "jsonb",
    "value" : "[{\"id\": \"2f94eb41-80d1-40f6-8b07-a34250be6680\", \"key\": \"/GetEnhancedContactServiceInput\", \"type\": \"object\", \"order\": 1.0, \"title\": \"GetEnhancedContactServiceInput\", \"value\": {\"type\": \"object\"}, \"isLeaf\": false, \"children\": [{\"id\": \"3c9fd9b9-d874-4b4e-bd23-c1f78143063c\", \"key\": \"/GetEnhancedContactServiceInput/contactId\", \"type\": \"node\", \"order\": 1.0, \"title\": \"contactId\", \"value\": {\"type\": \"string\"}, \"children\": [], \"editAllow\": true, \"childrenSet\": false, \"hasChildren\": false, \"dataElementType\": \"string\", \"encryption_required\": false}], \"childrenSet\": false, \"hasChildren\": false, \"dataElementType\": \"document\", \"encryption_required\": false}]",
    "null" : false
  },
  "service_output" : {
    "type" : "jsonb",
    "value" : "[{\"id\": \"1702cd55-b1ff-47d6-b53f-ffdbc873d3dd\", \"key\": \"/GetEnhancedContactServiceOutput\", \"type\": \"object\", \"order\": 1.0, \"title\": \"GetEnhancedContactServiceOutput\", \"value\": {\"type\": \"object\"}, \"isLeaf\": false, \"children\": [{\"id\": \"cc6741ac-5ca1-4aa3-8007-324f8cb318cc\", \"key\": \"/GetEnhancedContactServiceOutput/ResponseStatus\", \"type\": \"node\", \"order\": 1.0, \"title\": \"ResponseStatus\", \"value\": {\"type\": \"string\"}, \"children\": [], \"editAllow\": true, \"childrenSet\": false, \"hasChildren\": false, \"dataElementType\": \"string\", \"encryption_required\": false}, {\"id\": \"29894e1d-2b27-4c20-a72b-8f52d76bba63\", \"key\": \"/GetEnhancedContactServiceOutput/ResponseBody\", \"type\": \"node\", \"order\": 1.0, \"title\": \"ResponseBody\", \"value\": {\"type\": \"array\"}, \"children\": [], \"editAllow\": true, \"childrenSet\": false, \"hasChildren\": false, \"dataElementType\": \"document\", \"encryption_required\": false}], \"childrenSet\": false, \"hasChildren\": false, \"dataElementType\": \"document\", \"encryption_required\": false}]",
    "null" : false
  },
  "service_input_json_schema" : {
    "type" : "jsonb",
    "value" : "{\"required\": [], \"properties\": {\"GetEnhancedContactServiceInput\": {\"type\": \"object\", \"required\": [], \"properties\": {\"contactId\": {\"type\": \"string\"}}, \"additionalProperties\": false}}, \"additionalProperties\": false}",
    "null" : false
  },
  "service_output_json_schema" : {
    "type" : "jsonb",
    "value" : "{\"required\": [], \"properties\": {\"GetEnhancedContactServiceOutput\": {\"type\": \"object\", \"required\": [], \"properties\": {\"ResponseBody\": {\"type\": \"array\"}, \"ResponseStatus\": {\"type\": \"string\"}}, \"additionalProperties\": false}}, \"additionalProperties\": false}",
    "null" : false
  },
  "type" : "SERVICE",
  "error_handler" : false,
  "tag" : "V2",
  "active" : false,
  "is_changed" : false,
  "comment" : "Added get all contacts method",
  "base_tag" : "V1",
  "test_input" : {
    "type" : "jsonb",
    "value" : "{}",
    "null" : false
  },
  "test_input_structure" : {
    "type" : "jsonb",
    "value" : "[]",
    "null" : false
  }
}